Workbook
Name Q_BOA: 'Parâmetros'!$E$5
Name Q_ATENCAO: 'Parâmetros'!$E$6
Name C_BOA: 'Parâmetros'!$E$7
Name C_ATENCAO: 'Parâmetros'!$E$8
Name MIN_AMOSTRA: 'Parâmetros'!$E$9

Sheet Visão Geral
B1: 4 | C1: Objetivo de Desenvolvimento Sustentável 4 · Agenda 2030 da ONU
C2: Educação de Qualidade
C3: Recode — Avaliação Escolas: indicadores lidos das APIs públicas. Use Dados → Atualizar Tudo para atualizar.
B4: Escolas cadastradas | E4: Escolas avaliadas | H4: KPI · Média das avaliações de qualidade | K4: KPI · Média das avaliações dos cursos
B5: =ROWS(escolas[Column1.id]) | E5: =COUNT(avaliacoes_qualidade[Nota média]) | H5: =IFERROR(AVERAGE(avaliacoes_qualidade[Nota média]),"—") | K5: =IFERROR(AVERAGE(avaliacoes_cursos[Nota média]),"—")
B7: ="todas as dependências administrativas" | E7: ="de "&ROWS(escolas[Column1.id])&" cadastradas ("&TEXT(COUNT(avaliacoes_qualidade[Nota média])/ROWS(escolas[Column1.id]),"0%")&")" | H7: ="Faixa: "&IF(ISNUMBER(H5),IF(H5>=Q_BOA,"Boa",IF(H5>=Q_ATENCAO,"Atenção","Crítica")),"—") | K7: ="Faixa: "&IF(ISNUMBER(K5),IF(K5>=C_BOA,"Boa",IF(K5>=C_ATENCAO,"Atenção","Crítica")),"—")
B9: Total de avaliações de qualidade | E9: Escolas com nota boa | H9: Professores cadastrados | K9: Cursos avaliados
B10: =SUM(avaliacoes_qualidade[Avaliações]) | E10: =IFERROR(COUNTIF(avaliacoes_qualidade[Nota média],">="&Q_BOA)/COUNT(avaliacoes_qualidade[Nota média]),"—") | H10: =ROWS(professores[Column1.id]) | K10: =COUNT(avaliacoes_cursos[Nota média])
B12: ="notas registradas nas escolas" | E12: ="nota de "&Q_BOA&" ou mais, entre as avaliadas" | H12: ="corpo docente da rede" | K12: ="de "&ROWS(cursos[id])&" cursos cadastrados"
B35: Destaques
B36: Indicador | E36: Nome | J36: Nota | K36: Observação
B37: Maior nota de escola | E37: =INDEX(Calc!$B$2:$B$301,MATCH(MAX(Calc!$C$2:$C$301),Calc!$C$2:$C$301,0)) | J37: =MAX(Calc!$C$2:$C$301) | K37: =COUNTIF(Calc!$C$2:$C$301,MAX(Calc!$C$2:$C$301))&" escola(s) com esta nota"
B38: Menor nota de escola | E38: =INDEX(Calc!$B$2:$B$301,MATCH(MIN(Calc!$C$2:$C$301),Calc!$C$2:$C$301,0)) | J38: =MIN(Calc!$C$2:$C$301) | K38: =COUNTIF(Calc!$C$2:$C$301,MIN(Calc!$C$2:$C$301))&" escola(s) com esta nota"
B39: Maior nota de curso | E39: =INDEX(Calc!$Q$2:$Q$301,MATCH(MAX(Calc!$P$2:$P$301),Calc!$P$2:$P$301,0)) | J39: =MAX(Calc!$P$2:$P$301) | K39: =COUNTIF(Calc!$P$2:$P$301,MAX(Calc!$P$2:$P$301))&" curso(s) com esta nota"
B40: Menor nota de curso | E40: =INDEX(Calc!$Q$2:$Q$301,MATCH(MIN(Calc!$P$2:$P$301),Calc!$P$2:$P$301,0)) | J40: =MIN(Calc!$P$2:$P$301) | K40: =COUNTIF(Calc!$P$2:$P$301,MIN(Calc!$P$2:$P$301))&" curso(s) com esta nota"
B42: Quando várias escolas empatam na nota, o destaque mostra a primeira da lista.

Sheet Por Região
B1: 4 | C1: ODS 4 · Educação de Qualidade · Recode — Avaliação Escolas
C2: Avaliação por Região
C3: Média das notas de qualidade das escolas avaliadas, por região (escala 1 a 5).
B4: Região | C4: Escolas avaliadas | D4: Média (1–5) | E4: Faixa | F4: Observação | H4: Média geral
B5: Norte | C5: =COUNTIFS(Calc!$H$2:$H$301,B5,Calc!$C$2:$C$301,">=0") | D5: =IFERROR(AVERAGEIFS(Calc!$C$2:$C$301,Calc!$H$2:$H$301,B5),0) | E5: =IF(C5=0,"—",IF(D5>=Q_BOA,"Boa",IF(D5>=Q_ATENCAO,"Atenção","Crítica"))) | F5: =IF(C5=0,"sem avaliações",IF(C5<MIN_AMOSTRA,"amostra pequena","ok")) | H5: =IFERROR(AVERAGE(avaliacoes_qualidade[Nota média]),0)
B6: Nordeste | C6: =COUNTIFS(Calc!$H$2:$H$301,B6,Calc!$C$2:$C$301,">=0") | D6: =IFERROR(AVERAGEIFS(Calc!$C$2:$C$301,Calc!$H$2:$H$301,B6),0) | E6: =IF(C6=0,"—",IF(D6>=Q_BOA,"Boa",IF(D6>=Q_ATENCAO,"Atenção","Crítica"))) | F6: =IF(C6=0,"sem avaliações",IF(C6<MIN_AMOSTRA,"amostra pequena","ok")) | H6: =IFERROR(AVERAGE(avaliacoes_qualidade[Nota média]),0)
B7: Centro-Oeste | C7: =COUNTIFS(Calc!$H$2:$H$301,B7,Calc!$C$2:$C$301,">=0") | D7: =IFERROR(AVERAGEIFS(Calc!$C$2:$C$301,Calc!$H$2:$H$301,B7),0) | E7: =IF(C7=0,"—",IF(D7>=Q_BOA,"Boa",IF(D7>=Q_ATENCAO,"Atenção","Crítica"))) | F7: =IF(C7=0,"sem avaliações",IF(C7<MIN_AMOSTRA,"amostra pequena","ok")) | H7: =IFERROR(AVERAGE(avaliacoes_qualidade[Nota média]),0)
B8: Sudeste | C8: =COUNTIFS(Calc!$H$2:$H$301,B8,Calc!$C$2:$C$301,">=0") | D8: =IFERROR(AVERAGEIFS(Calc!$C$2:$C$301,Calc!$H$2:$H$301,B8),0) | E8: =IF(C8=0,"—",IF(D8>=Q_BOA,"Boa",IF(D8>=Q_ATENCAO,"Atenção","Crítica"))) | F8: =IF(C8=0,"sem avaliações",IF(C8<MIN_AMOSTRA,"amostra pequena","ok")) | H8: =IFERROR(AVERAGE(avaliacoes_qualidade[Nota média]),0)
B9: Sul | C9: =COUNTIFS(Calc!$H$2:$H$301,B9,Calc!$C$2:$C$301,">=0") | D9: =IFERROR(AVERAGEIFS(Calc!$C$2:$C$301,Calc!$H$2:$H$301,B9),0) | E9: =IF(C9=0,"—",IF(D9>=Q_BOA,"Boa",IF(D9>=Q_ATENCAO,"Atenção","Crítica"))) | F9: =IF(C9=0,"sem avaliações",IF(C9<MIN_AMOSTRA,"amostra pequena","ok")) | H9: =IFERROR(AVERAGE(avaliacoes_qualidade[Nota média]),0)
B10: Não localizada | C10: =COUNTIFS(Calc!$H$2:$H$301,B10,Calc!$C$2:$C$301,">=0") | D10: =IFERROR(AVERAGEIFS(Calc!$C$2:$C$301,Calc!$H$2:$H$301,B10),0) | E10: =IF(C10=0,"—",IF(D10>=Q_BOA,"Boa",IF(D10>=Q_ATENCAO,"Atenção","Crítica"))) | F10: =IF(C10=0,"sem avaliações",IF(C10<MIN_AMOSTRA,"amostra pequena","ok")) | H10: =IFERROR(AVERAGE(avaliacoes_qualidade[Nota média]),0)
B12: Regiões com poucas escolas avaliadas têm amostra pequena: leia com cautela. "Não localizada" = escola cujo nome não casa com nenhuma cidade da tabela de endereços.

Sheet Avaliação Cursos
B1: 4 | C1: ODS 4 · Educação de Qualidade · Recode — Avaliação Escolas
C2: Avaliação dos Cursos
C3: Média das avaliações por curso (escala 0 a 10). Escolha a ordem na célula em azul claro.
B4: Ordem | C4: Maiores notas primeiro | F4: ="Cursos avaliados: "&COUNT(Calc!$P$2:$P$301)&" · média geral: "&TEXT(AVERAGE(Calc!$P$2:$P$301),"0.0")
B6: # | C6: Curso | D6: Escola | E6: Nota | F6: Faixa
B7: =IF(1<=COUNT(Calc!$R$2:$R$301),1,"") | C7: =IF(B7="","",INDEX(Calc!$Q$2:$Q$301,I7)) | D7: =IF(B7="","",INDEX(Calc!$O$2:$O$301,I7)) | E7: =IF(B7="","",INDEX(Calc!$P$2:$P$301,I7)) | F7: =IF(E7="","",IF(E7>=C_BOA,"Boa",IF(E7>=C_ATENCAO,"Atenção","Crítica"))) | H7: =IF(B7="","",IF($C$4="Maiores notas primeiro",LARGE(Calc!$R$2:$R$301,B7),SMALL(Calc!$R$2:$R$301,B7))) | I7: =IF(B7="","",MATCH(H7,Calc!$R$2:$R$301,0))
B8: =IF(2<=COUNT(Calc!$R$2:$R$301),2,"") | C8: =IF(B8="","",INDEX(Calc!$Q$2:$Q$301,I8)) | D8: =IF(B8="","",INDEX(Calc!$O$2:$O$301,I8)) | E8: =IF(B8="","",INDEX(Calc!$P$2:$P$301,I8)) | F8: =IF(E8="","",IF(E8>=C_BOA,"Boa",IF(E8>=C_ATENCAO,"Atenção","Crítica"))) | H8: =IF(B8="","",IF($C$4="Maiores notas primeiro",LARGE(Calc!$R$2:$R$301,B8),SMALL(Calc!$R$2:$R$301,B8))) | I8: =IF(B8="","",MATCH(H8,Calc!$R$2:$R$301,0))
B9: =IF(3<=COUNT(Calc!$R$2:$R$301),3,"") | C9: =IF(B9="","",INDEX(Calc!$Q$2:$Q$301,I9)) | D9: =IF(B9="","",INDEX(Calc!$O$2:$O$301,I9)) | E9: =IF(B9="","",INDEX(Calc!$P$2:$P$301,I9)) | F9: =IF(E9="","",IF(E9>=C_BOA,"Boa",IF(E9>=C_ATENCAO,"Atenção","Crítica"))) | H9: =IF(B9="","",IF($C$4="Maiores notas primeiro",LARGE(Calc!$R$2:$R$301,B9),SMALL(Calc!$R$2:$R$301,B9))) | I9: =IF(B9="","",MATCH(H9,Calc!$R$2:$R$301,0))
B10: =IF(4<=COUNT(Calc!$R$2:$R$301),4,"") | C10: =IF(B10="","",INDEX(Calc!$Q$2:$Q$301,I10)) | D10: =IF(B10="","",INDEX(Calc!$O$2:$O$301,I10)) | E10: =IF(B10="","",INDEX(Calc!$P$2:$P$301,I10)) | F10: =IF(E10="","",IF(E10>=C_BOA,"Boa",IF(E10>=C_ATENCAO,"Atenção","Crítica"))) | H10: =IF(B10="","",IF($C$4="Maiores notas primeiro",LARGE(Calc!$R$2:$R$301,B10),SMALL(Calc!$R$2:$R$301,B10))) | I10: =IF(B10="","",MATCH(H10,Calc!$R$2:$R$301,0))
B11: =IF(5<=COUNT(Calc!$R$2:$R$301),5,"") | C11: =IF(B11="","",INDEX(Calc!$Q$2:$Q$301,I11)) | D11: =IF(B11="","",INDEX(Calc!$O$2:$O$301,I11)) | E11: =IF(B11="","",INDEX(Calc!$P$2:$P$301,I11)) | F11: =IF(E11="","",IF(E11>=C_BOA,"Boa",IF(E11>=C_ATENCAO,"Atenção","Crítica"))) | H11: =IF(B11="","",IF($C$4="Maiores notas primeiro",LARGE(Calc!$R$2:$R$301,B11),SMALL(Calc!$R$2:$R$301,B11))) | I11: =IF(B11="","",MATCH(H11,Calc!$R$2:$R$301,0))
B12: =IF(6<=COUNT(Calc!$R$2:$R$301),6,"") | C12: =IF(B12="","",INDEX(Calc!$Q$2:$Q$301,I12)) | D12: =IF(B12="","",INDEX(Calc!$O$2:$O$301,I12)) | E12: =IF(B12="","",INDEX(Calc!$P$2:$P$301,I12)) | F12: =IF(E12="","",IF(E12>=C_BOA,"Boa",IF(E12>=C_ATENCAO,"Atenção","Crítica"))) | H12: =IF(B12="","",IF($C$4="Maiores notas primeiro",LARGE(Calc!$R$2:$R$301,B12),SMALL(Calc!$R$2:$R$301,B12))) | I12: =IF(B12="","",MATCH(H12,Calc!$R$2:$R$301,0))
B13: =IF(7<=COUNT(Calc!$R$2:$R$301),7,"") | C13: =IF(B13="","",INDEX(Calc!$Q$2:$Q$301,I13)) | D13: =IF(B13="","",INDEX(Calc!$O$2:$O$301,I13)) | E13: =IF(B13="","",INDEX(Calc!$P$2:$P$301,I13)) | F13: =IF(E13="","",IF(E13>=C_BOA,"Boa",IF(E13>=C_ATENCAO,"Atenção","Crítica"))) | H13: =IF(B13="","",IF($C$4="Maiores notas primeiro",LARGE(Calc!$R$2:$R$301,B13),SMALL(Calc!$R$2:$R$301,B13))) | I13: =IF(B13="","",MATCH(H13,Calc!$R$2:$R$301,0))
B14: =IF(8<=COUNT(Calc!$R$2:$R$301),8,"") | C14: =IF(B14="","",INDEX(Calc!$Q$2:$Q$301,I14)) | D14: =IF(B14="","",INDEX(Calc!$O$2:$O$301,I14)) | E14: =IF(B14="","",INDEX(Calc!$P$2:$P$301,I14)) | F14: =IF(E14="","",IF(E14>=C_BOA,"Boa",IF(E14>=C_ATENCAO,"Atenção","Crítica"))) | H14: =IF(B14="","",IF($C$4="Maiores notas primeiro",LARGE(Calc!$R$2:$R$301,B14),SMALL(Calc!$R$2:$R$301,B14))) | I14: =IF(B14="","",MATCH(H14,Calc!$R$2:$R$301,0))
B15: =IF(9<=COUNT(Calc!$R$2:$R$301),9,"") | C15: =IF(B15="","",INDEX(Calc!$Q$2:$Q$301,I15)) | D15: =IF(B15="","",INDEX(Calc!$O$2:$O$301,I15)) | E15: =IF(B15="","",INDEX(Calc!$P$2:$P$301,I15)) | F15: =IF(E15="","",IF(E15>=C_BOA,"Boa",IF(E15>=C_ATENCAO,"Atenção","Crítica"))) | H15: =IF(B15="","",IF($C$4="Maiores notas primeiro",LARGE(Calc!$R$2:$R$301,B15),SMALL(Calc!$R$2:$R$301,B15))) | I15: =IF(B15="","",MATCH(H15,Calc!$R$2:$R$301,0))
B16: =IF(10<=COUNT(Calc!$R$2:$R$301),10,"") | C16: =IF(B16="","",INDEX(Calc!$Q$2:$Q$301,I16)) | D16: =IF(B16="","",INDEX(Calc!$O$2:$O$301,I16)) | E16: =IF(B16="","",INDEX(Calc!$P$2:$P$301,I16)) | F16: =IF(E16="","",IF(E16>=C_BOA,"Boa",IF(E16>=C_ATENCAO,"Atenção","Crítica"))) | H16: =IF(B16="","",IF($C$4="Maiores notas primeiro",LARGE(Calc!$R$2:$R$301,B16),SMALL(Calc!$R$2:$R$301,B16))) | I16: =IF(B16="","",MATCH(H16,Calc!$R$2:$R$301,0))
B17: =IF(11<=COUNT(Calc!$R$2:$R$301),11,"") | C17: =IF(B17="","",INDEX(Calc!$Q$2:$Q$301,I17)) | D17: =IF(B17="","",INDEX(Calc!$O$2:$O$301,I17)) | E17: =IF(B17="","",INDEX(Calc!$P$2:$P$301,I17)) | F17: =IF(E17="","",IF(E17>=C_BOA,"Boa",IF(E17>=C_ATENCAO,"Atenção","Crítica"))) | H17: =IF(B17="","",IF($C$4="Maiores notas primeiro",LARGE(Calc!$R$2:$R$301,B17),SMALL(Calc!$R$2:$R$301,B17))) | I17: =IF(B17="","",MATCH(H17,Calc!$R$2:$R$301,0))
B18: =IF(12<=COUNT(Calc!$R$2:$R$301),12,"") | C18: =IF(B18="","",INDEX(Calc!$Q$2:$Q$301,I18)) | D18: =IF(B18="","",INDEX(Calc!$O$2:$O$301,I18)) | E18: =IF(B18="","",INDEX(Calc!$P$2:$P$301,I18)) | F18: =IF(E18="","",IF(E18>=C_BOA,"Boa",IF(E18>=C_ATENCAO,"Atenção","Crítica"))) | H18: =IF(B18="","",IF($C$4="Maiores notas primeiro",LARGE(Calc!$R$2:$R$301,B18),SMALL(Calc!$R$2:$R$301,B18))) | I18: =IF(B18="","",MATCH(H18,Calc!$R$2:$R$301,0))
B19: =IF(13<=COUNT(Calc!$R$2:$R$301),13,"") | C19: =IF(B19="","",INDEX(Calc!$Q$2:$Q$301,I19)) | D19: =IF(B19="","",INDEX(Calc!$O$2:$O$301,I19)) | E19: =IF(B19="","",INDEX(Calc!$P$2:$P$301,I19)) | F19: =IF(E19="","",IF(E19>=C_BOA,"Boa",IF(E19>=C_ATENCAO,"Atenção","Crítica"))) | H19: =IF(B19="","",IF($C$4="Maiores notas primeiro",LARGE(Calc!$R$2:$R$301,B19),SMALL(Calc!$R$2:$R$301,B19))) | I19: =IF(B19="","",MATCH(H19,Calc!$R$2:$R$301,0))
B20: =IF(14<=COUNT(Calc!$R$2:$R$301),14,"") | C20: =IF(B20="","",INDEX(Calc!$Q$2:$Q$301,I20)) | D20: =IF(B20="","",INDEX(Calc!$O$2:$O$301,I20)) | E20: =IF(B20="","",INDEX(Calc!$P$2:$P$301,I20)) | F20: =IF(E20="","",IF(E20>=C_BOA,"Boa",IF(E20>=C_ATENCAO,"Atenção","Crítica"))) | H20: =IF(B20="","",IF($C$4="Maiores notas primeiro",LARGE(Calc!$R$2:$R$301,B20),SMALL(Calc!$R$2:$R$301,B20))) | I20: =IF(B20="","",MATCH(H20,Calc!$R$2:$R$301,0))
B21: =IF(15<=COUNT(Calc!$R$2:$R$301),15,"") | C21: =IF(B21="","",INDEX(Calc!$Q$2:$Q$301,I21)) | D21: =IF(B21="","",INDEX(Calc!$O$2:$O$301,I21)) | E21: =IF(B21="","",INDEX(Calc!$P$2:$P$301,I21)) | F21: =IF(E21="","",IF(E21>=C_BOA,"Boa",IF(E21>=C_ATENCAO,"Atenção","Crítica"))) | H21: =IF(B21="","",IF($C$4="Maiores notas primeiro",LARGE(Calc!$R$2:$R$301,B21),SMALL(Calc!$R$2:$R$301,B21))) | I21: =IF(B21="","",MATCH(H21,Calc!$R$2:$R$301,0))
B22: =IF(16<=COUNT(Calc!$R$2:$R$301),16,"") | C22: =IF(B22="","",INDEX(Calc!$Q$2:$Q$301,I22)) | D22: =IF(B22="","",INDEX(Calc!$O$2:$O$301,I22)) | E22: =IF(B22="","",INDEX(Calc!$P$2:$P$301,I22)) | F22: =IF(E22="","",IF(E22>=C_BOA,"Boa",IF(E22>=C_ATENCAO,"Atenção","Crítica"))) | H22: =IF(B22="","",IF($C$4="Maiores notas primeiro",LARGE(Calc!$R$2:$R$301,B22),SMALL(Calc!$R$2:$R$301,B22))) | I22: =IF(B22="","",MATCH(H22,Calc!$R$2:$R$301,0))
B23: =IF(17<=COUNT(Calc!$R$2:$R$301),17,"") | C23: =IF(B23="","",INDEX(Calc!$Q$2:$Q$301,I23)) | D23: =IF(B23="","",INDEX(Calc!$O$2:$O$301,I23)) | E23: =IF(B23="","",INDEX(Calc!$P$2:$P$301,I23)) | F23: =IF(E23="","",IF(E23>=C_BOA,"Boa",IF(E23>=C_ATENCAO,"Atenção","Crítica"))) | H23: =IF(B23="","",IF($C$4="Maiores notas primeiro",LARGE(Calc!$R$2:$R$301,B23),SMALL(Calc!$R$2:$R$301,B23))) | I23: =IF(B23="","",MATCH(H23,Calc!$R$2:$R$301,0))
B24: =IF(18<=COUNT(Calc!$R$2:$R$301),18,"") | C24: =IF(B24="","",INDEX(Calc!$Q$2:$Q$301,I24)) | D24: =IF(B24="","",INDEX(Calc!$O$2:$O$301,I24)) | E24: =IF(B24="","",INDEX(Calc!$P$2:$P$301,I24)) | F24: =IF(E24="","",IF(E24>=C_BOA,"Boa",IF(E24>=C_ATENCAO,"Atenção","Crítica"))) | H24: =IF(B24="","",IF($C$4="Maiores notas primeiro",LARGE(Calc!$R$2:$R$301,B24),SMALL(Calc!$R$2:$R$301,B24))) | I24: =IF(B24="","",MATCH(H24,Calc!$R$2:$R$301,0))
B25: =IF(19<=COUNT(Calc!$R$2:$R$301),19,"") | C25: =IF(B25="","",INDEX(Calc!$Q$2:$Q$301,I25)) | D25: =IF(B25="","",INDEX(Calc!$O$2:$O$301,I25)) | E25: =IF(B25="","",INDEX(Calc!$P$2:$P$301,I25)) | F25: =IF(E25="","",IF(E25>=C_BOA,"Boa",IF(E25>=C_ATENCAO,"Atenção","Crítica"))) | H25: =IF(B25="","",IF($C$4="Maiores notas primeiro",LARGE(Calc!$R$2:$R$301,B25),SMALL(Calc!$R$2:$R$301,B25))) | I25: =IF(B25="","",MATCH(H25,Calc!$R$2:$R$301,0))
B26: =IF(20<=COUNT(Calc!$R$2:$R$301),20,"") | C26: =IF(B26="","",INDEX(Calc!$Q$2:$Q$301,I26)) | D26: =IF(B26="","",INDEX(Calc!$O$2:$O$301,I26)) | E26: =IF(B26="","",INDEX(Calc!$P$2:$P$301,I26)) | F26: =IF(E26="","",IF(E26>=C_BOA,"Boa",IF(E26>=C_ATENCAO,"Atenção","Crítica"))) | H26: =IF(B26="","",IF($C$4="Maiores notas primeiro",LARGE(Calc!$R$2:$R$301,B26),SMALL(Calc!$R$2:$R$301,B26))) | I26: =IF(B26="","",MATCH(H26,Calc!$R$2:$R$301,0))
B27: =IF(21<=COUNT(Calc!$R$2:$R$301),21,"") | C27: =IF(B27="","",INDEX(Calc!$Q$2:$Q$301,I27)) | D27: =IF(B27="","",INDEX(Calc!$O$2:$O$301,I27)) | E27: =IF(B27="","",INDEX(Calc!$P$2:$P$301,I27)) | F27: =IF(E27="","",IF(E27>=C_BOA,"Boa",IF(E27>=C_ATENCAO,"Atenção","Crítica"))) | H27: =IF(B27="","",IF($C$4="Maiores notas primeiro",LARGE(Calc!$R$2:$R$301,B27),SMALL(Calc!$R$2:$R$301,B27))) | I27: =IF(B27="","",MATCH(H27,Calc!$R$2:$R$301,0))
B28: =IF(22<=COUNT(Calc!$R$2:$R$301),22,"") | C28: =IF(B28="","",INDEX(Calc!$Q$2:$Q$301,I28)) | D28: =IF(B28="","",INDEX(Calc!$O$2:$O$301,I28)) | E28: =IF(B28="","",INDEX(Calc!$P$2:$P$301,I28)) | F28: =IF(E28="","",IF(E28>=C_BOA,"Boa",IF(E28>=C_ATENCAO,"Atenção","Crítica"))) | H28: =IF(B28="","",IF($C$4="Maiores notas primeiro",LARGE(Calc!$R$2:$R$301,B28),SMALL(Calc!$R$2:$R$301,B28))) | I28: =IF(B28="","",MATCH(H28,Calc!$R$2:$R$301,0))
B29: =IF(23<=COUNT(Calc!$R$2:$R$301),23,"") | C29: =IF(B29="","",INDEX(Calc!$Q$2:$Q$301,I29)) | D29: =IF(B29="","",INDEX(Calc!$O$2:$O$301,I29)) | E29: =IF(B29="","",INDEX(Calc!$P$2:$P$301,I29)) | F29: =IF(E29="","",IF(E29>=C_BOA,"Boa",IF(E29>=C_ATENCAO,"Atenção","Crítica"))) | H29: =IF(B29="","",IF($C$4="Maiores notas primeiro",LARGE(Calc!$R$2:$R$301,B29),SMALL(Calc!$R$2:$R$301,B29))) | I29: =IF(B29="","",MATCH(H29,Calc!$R$2:$R$301,0))
B30: =IF(24<=COUNT(Calc!$R$2:$R$301),24,"") | C30: =IF(B30="","",INDEX(Calc!$Q$2:$Q$301,I30)) | D30: =IF(B30="","",INDEX(Calc!$O$2:$O$301,I30)) | E30: =IF(B30="","",INDEX(Calc!$P$2:$P$301,I30)) | F30: =IF(E30="","",IF(E30>=C_BOA,"Boa",IF(E30>=C_ATENCAO,"Atenção","Crítica"))) | H30: =IF(B30="","",IF($C$4="Maiores notas primeiro",LARGE(Calc!$R$2:$R$301,B30),SMALL(Calc!$R$2:$R$301,B30))) | I30: =IF(B30="","",MATCH(H30,Calc!$R$2:$R$301,0))
B31: =IF(25<=COUNT(Calc!$R$2:$R$301),25,"") | C31: =IF(B31="","",INDEX(Calc!$Q$2:$Q$301,I31)) | D31: =IF(B31="","",INDEX(Calc!$O$2:$O$301,I31)) | E31: =IF(B31="","",INDEX(Calc!$P$2:$P$301,I31)) | F31: =IF(E31="","",IF(E31>=C_BOA,"Boa",IF(E31>=C_ATENCAO,"Atenção","Crítica"))) | H31: =IF(B31="","",IF($C$4="Maiores notas primeiro",LARGE(Calc!$R$2:$R$301,B31),SMALL(Calc!$R$2:$R$301,B31))) | I31: =IF(B31="","",MATCH(H31,Calc!$R$2:$R$301,0))
B32: =IF(26<=COUNT(Calc!$R$2:$R$301),26,"") | C32: =IF(B32="","",INDEX(Calc!$Q$2:$Q$301,I32)) | D32: =IF(B32="","",INDEX(Calc!$O$2:$O$301,I32)) | E32: =IF(B32="","",INDEX(Calc!$P$2:$P$301,I32)) | F32: =IF(E32="","",IF(E32>=C_BOA,"Boa",IF(E32>=C_ATENCAO,"Atenção","Crítica"))) | H32: =IF(B32="","",IF($C$4="Maiores notas primeiro",LARGE(Calc!$R$2:$R$301,B32),SMALL(Calc!$R$2:$R$301,B32))) | I32: =IF(B32="","",MATCH(H32,Calc!$R$2:$R$301,0))
B33: =IF(27<=COUNT(Calc!$R$2:$R$301),27,"") | C33: =IF(B33="","",INDEX(Calc!$Q$2:$Q$301,I33)) | D33: =IF(B33="","",INDEX(Calc!$O$2:$O$301,I33)) | E33: =IF(B33="","",INDEX(Calc!$P$2:$P$301,I33)) | F33: =IF(E33="","",IF(E33>=C_BOA,"Boa",IF(E33>=C_ATENCAO,"Atenção","Crítica"))) | H33: =IF(B33="","",IF($C$4="Maiores notas primeiro",LARGE(Calc!$R$2:$R$301,B33),SMALL(Calc!$R$2:$R$301,B33))) | I33: =IF(B33="","",MATCH(H33,Calc!$R$2:$R$301,0))
B34: =IF(28<=COUNT(Calc!$R$2:$R$301),28,"") | C34: =IF(B34="","",INDEX(Calc!$Q$2:$Q$301,I34)) | D34: =IF(B34="","",INDEX(Calc!$O$2:$O$301,I34)) | E34: =IF(B34="","",INDEX(Calc!$P$2:$P$301,I34)) | F34: =IF(E34="","",IF(E34>=C_BOA,"Boa",IF(E34>=C_ATENCAO,"Atenção","Crítica"))) | H34: =IF(B34="","",IF($C$4="Maiores notas primeiro",LARGE(Calc!$R$2:$R$301,B34),SMALL(Calc!$R$2:$R$301,B34))) | I34: =IF(B34="","",MATCH(H34,Calc!$R$2:$R$301,0))
B35: =IF(29<=COUNT(Calc!$R$2:$R$301),29,"") | C35: =IF(B35="","",INDEX(Calc!$Q$2:$Q$301,I35)) | D35: =IF(B35="","",INDEX(Calc!$O$2:$O$301,I35)) | E35: =IF(B35="","",INDEX(Calc!$P$2:$P$301,I35)) | F35: =IF(E35="","",IF(E35>=C_BOA,"Boa",IF(E35>=C_ATENCAO,"Atenção","Crítica"))) | H35: =IF(B35="","",IF($C$4="Maiores notas primeiro",LARGE(Calc!$R$2:$R$301,B35),SMALL(Calc!$R$2:$R$301,B35))) | I35: =IF(B35="","",MATCH(H35,Calc!$R$2:$R$301,0))
B36: =IF(30<=COUNT(Calc!$R$2:$R$301),30,"") | C36: =IF(B36="","",INDEX(Calc!$Q$2:$Q$301,I36)) | D36: =IF(B36="","",INDEX(Calc!$O$2:$O$301,I36)) | E36: =IF(B36="","",INDEX(Calc!$P$2:$P$301,I36)) | F36: =IF(E36="","",IF(E36>=C_BOA,"Boa",IF(E36>=C_ATENCAO,"Atenção","Crítica"))) | H36: =IF(B36="","",IF($C$4="Maiores notas primeiro",LARGE(Calc!$R$2:$R$301,B36),SMALL(Calc!$R$2:$R$301,B36))) | I36: =IF(B36="","",MATCH(H36,Calc!$R$2:$R$301,0))
B37: =IF(31<=COUNT(Calc!$R$2:$R$301),31,"") | C37: =IF(B37="","",INDEX(Calc!$Q$2:$Q$301,I37)) | D37: =IF(B37="","",INDEX(Calc!$O$2:$O$301,I37)) | E37: =IF(B37="","",INDEX(Calc!$P$2:$P$301,I37)) | F37: =IF(E37="","",IF(E37>=C_BOA,"Boa",IF(E37>=C_ATENCAO,"Atenção","Crítica"))) | H37: =IF(B37="","",IF($C$4="Maiores notas primeiro",LARGE(Calc!$R$2:$R$301,B37),SMALL(Calc!$R$2:$R$301,B37))) | I37: =IF(B37="","",MATCH(H37,Calc!$R$2:$R$301,0))
B38: =IF(32<=COUNT(Calc!$R$2:$R$301),32,"") | C38: =IF(B38="","",INDEX(Calc!$Q$2:$Q$301,I38)) | D38: =IF(B38="","",INDEX(Calc!$O$2:$O$301,I38)) | E38: =IF(B38="","",INDEX(Calc!$P$2:$P$301,I38)) | F38: =IF(E38="","",IF(E38>=C_BOA,"Boa",IF(E38>=C_ATENCAO,"Atenção","Crítica"))) | H38: =IF(B38="","",IF($C$4="Maiores notas primeiro",LARGE(Calc!$R$2:$R$301,B38),SMALL(Calc!$R$2:$R$301,B38))) | I38: =IF(B38="","",MATCH(H38,Calc!$R$2:$R$301,0))
B39: =IF(33<=COUNT(Calc!$R$2:$R$301),33,"") | C39: =IF(B39="","",INDEX(Calc!$Q$2:$Q$301,I39)) | D39: =IF(B39="","",INDEX(Calc!$O$2:$O$301,I39)) | E39: =IF(B39="","",INDEX(Calc!$P$2:$P$301,I39)) | F39: =IF(E39="","",IF(E39>=C_BOA,"Boa",IF(E39>=C_ATENCAO,"Atenção","Crítica"))) | H39: =IF(B39="","",IF($C$4="Maiores notas primeiro",LARGE(Calc!$R$2:$R$301,B39),SMALL(Calc!$R$2:$R$301,B39))) | I39: =IF(B39="","",MATCH(H39,Calc!$R$2:$R$301,0))
B40: =IF(34<=COUNT(Calc!$R$2:$R$301),34,"") | C40: =IF(B40="","",INDEX(Calc!$Q$2:$Q$301,I40)) | D40: =IF(B40="","",INDEX(Calc!$O$2:$O$301,I40)) | E40: =IF(B40="","",INDEX(Calc!$P$2:$P$301,I40)) | F40: =IF(E40="","",IF(E40>=C_BOA,"Boa",IF(E40>=C_ATENCAO,"Atenção","Crítica"))) | H40: =IF(B40="","",IF($C$4="Maiores notas primeiro",LARGE(Calc!$R$2:$R$301,B40),SMALL(Calc!$R$2:$R$301,B40))) | I40: =IF(B40="","",MATCH(H40,Calc!$R$2:$R$301,0))
B41: =IF(35<=COUNT(Calc!$R$2:$R$301),35,"") | C41: =IF(B41="","",INDEX(Calc!$Q$2:$Q$301,I41)) | D41: =IF(B41="","",INDEX(Calc!$O$2:$O$301,I41)) | E41: =IF(B41="","",INDEX(Calc!$P$2:$P$301,I41)) | F41: =IF(E41="","",IF(E41>=C_BOA,"Boa",IF(E41>=C_ATENCAO,"Atenção","Crítica"))) | H41: =IF(B41="","",IF($C$4="Maiores notas primeiro",LARGE(Calc!$R$2:$R$301,B41),SMALL(Calc!$R$2:$R$301,B41))) | I41: =IF(B41="","",MATCH(H41,Calc!$R$2:$R$301,0))
B42: =IF(36<=COUNT(Calc!$R$2:$R$301),36,"") | C42: =IF(B42="","",INDEX(Calc!$Q$2:$Q$301,I42)) | D42: =IF(B42="","",INDEX(Calc!$O$2:$O$301,I42)) | E42: =IF(B42="","",INDEX(Calc!$P$2:$P$301,I42)) | F42: =IF(E42="","",IF(E42>=C_BOA,"Boa",IF(E42>=C_ATENCAO,"Atenção","Crítica"))) | H42: =IF(B42="","",IF($C$4="Maiores notas primeiro",LARGE(Calc!$R$2:$R$301,B42),SMALL(Calc!$R$2:$R$301,B42))) | I42: =IF(B42="","",MATCH(H42,Calc!$R$2:$R$301,0))
B43: =IF(37<=COUNT(Calc!$R$2:$R$301),37,"") | C43: =IF(B43="","",INDEX(Calc!$Q$2:$Q$301,I43)) | D43: =IF(B43="","",INDEX(Calc!$O$2:$O$301,I43)) | E43: =IF(B43="","",INDEX(Calc!$P$2:$P$301,I43)) | F43: =IF(E43="","",IF(E43>=C_BOA,"Boa",IF(E43>=C_ATENCAO,"Atenção","Crítica"))) | H43: =IF(B43="","",IF($C$4="Maiores notas primeiro",LARGE(Calc!$R$2:$R$301,B43),SMALL(Calc!$R$2:$R$301,B43))) | I43: =IF(B43="","",MATCH(H43,Calc!$R$2:$R$301,0))
B44: =IF(38<=COUNT(Calc!$R$2:$R$301),38,"") | C44: =IF(B44="","",INDEX(Calc!$Q$2:$Q$301,I44)) | D44: =IF(B44="","",INDEX(Calc!$O$2:$O$301,I44)) | E44: =IF(B44="","",INDEX(Calc!$P$2:$P$301,I44)) | F44: =IF(E44="","",IF(E44>=C_BOA,"Boa",IF(E44>=C_ATENCAO,"Atenção","Crítica"))) | H44: =IF(B44="","",IF($C$4="Maiores notas primeiro",LARGE(Calc!$R$2:$R$301,B44),SMALL(Calc!$R$2:$R$301,B44))) | I44: =IF(B44="","",MATCH(H44,Calc!$R$2:$R$301,0))
B45: =IF(39<=COUNT(Calc!$R$2:$R$301),39,"") | C45: =IF(B45="","",INDEX(Calc!$Q$2:$Q$301,I45)) | D45: =IF(B45="","",INDEX(Calc!$O$2:$O$301,I45)) | E45: =IF(B45="","",INDEX(Calc!$P$2:$P$301,I45)) | F45: =IF(E45="","",IF(E45>=C_BOA,"Boa",IF(E45>=C_ATENCAO,"Atenção","Crítica"))) | H45: =IF(B45="","",IF($C$4="Maiores notas primeiro",LARGE(Calc!$R$2:$R$301,B45),SMALL(Calc!$R$2:$R$301,B45))) | I45: =IF(B45="","",MATCH(H45,Calc!$R$2:$R$301,0))
B46: =IF(40<=COUNT(Calc!$R$2:$R$301),40,"") | C46: =IF(B46="","",INDEX(Calc!$Q$2:$Q$301,I46)) | D46: =IF(B46="","",INDEX(Calc!$O$2:$O$301,I46)) | E46: =IF(B46="","",INDEX(Calc!$P$2:$P$301,I46)) | F46: =IF(E46="","",IF(E46>=C_BOA,"Boa",IF(E46>=C_ATENCAO,"Atenção","Crítica"))) | H46: =IF(B46="","",IF($C$4="Maiores notas primeiro",LARGE(Calc!$R$2:$R$301,B46),SMALL(Calc!$R$2:$R$301,B46))) | I46: =IF(B46="","",MATCH(H46,Calc!$R$2:$R$301,0))
B47: =IF(41<=COUNT(Calc!$R$2:$R$301),41,"") | C47: =IF(B47="","",INDEX(Calc!$Q$2:$Q$301,I47)) | D47: =IF(B47="","",INDEX(Calc!$O$2:$O$301,I47)) | E47: =IF(B47="","",INDEX(Calc!$P$2:$P$301,I47)) | F47: =IF(E47="","",IF(E47>=C_BOA,"Boa",IF(E47>=C_ATENCAO,"Atenção","Crítica"))) | H47: =IF(B47="","",IF($C$4="Maiores notas primeiro",LARGE(Calc!$R$2:$R$301,B47),SMALL(Calc!$R$2:$R$301,B47))) | I47: =IF(B47="","",MATCH(H47,Calc!$R$2:$R$301,0))
B48: =IF(42<=COUNT(Calc!$R$2:$R$301),42,"") | C48: =IF(B48="","",INDEX(Calc!$Q$2:$Q$301,I48)) | D48: =IF(B48="","",INDEX(Calc!$O$2:$O$301,I48)) | E48: =IF(B48="","",INDEX(Calc!$P$2:$P$301,I48)) | F48: =IF(E48="","",IF(E48>=C_BOA,"Boa",IF(E48>=C_ATENCAO,"Atenção","Crítica"))) | H48: =IF(B48="","",IF($C$4="Maiores notas primeiro",LARGE(Calc!$R$2:$R$301,B48),SMALL(Calc!$R$2:$R$301,B48))) | I48: =IF(B48="","",MATCH(H48,Calc!$R$2:$R$301,0))
B49: =IF(43<=COUNT(Calc!$R$2:$R$301),43,"") | C49: =IF(B49="","",INDEX(Calc!$Q$2:$Q$301,I49)) | D49: =IF(B49="","",INDEX(Calc!$O$2:$O$301,I49)) | E49: =IF(B49="","",INDEX(Calc!$P$2:$P$301,I49)) | F49: =IF(E49="","",IF(E49>=C_BOA,"Boa",IF(E49>=C_ATENCAO,"Atenção","Crítica"))) | H49: =IF(B49="","",IF($C$4="Maiores notas primeiro",LARGE(Calc!$R$2:$R$301,B49),SMALL(Calc!$R$2:$R$301,B49))) | I49: =IF(B49="","",MATCH(H49,Calc!$R$2:$R$301,0))
B50: =IF(44<=COUNT(Calc!$R$2:$R$301),44,"") | C50: =IF(B50="","",INDEX(Calc!$Q$2:$Q$301,I50)) | D50: =IF(B50="","",INDEX(Calc!$O$2:$O$301,I50)) | E50: =IF(B50="","",INDEX(Calc!$P$2:$P$301,I50)) | F50: =IF(E50="","",IF(E50>=C_BOA,"Boa",IF(E50>=C_ATENCAO,"Atenção","Crítica"))) | H50: =IF(B50="","",IF($C$4="Maiores notas primeiro",LARGE(Calc!$R$2:$R$301,B50),SMALL(Calc!$R$2:$R$301,B50))) | I50: =IF(B50="","",MATCH(H50,Calc!$R$2:$R$301,0))
B51: =IF(45<=COUNT(Calc!$R$2:$R$301),45,"") | C51: =IF(B51="","",INDEX(Calc!$Q$2:$Q$301,I51)) | D51: =IF(B51="","",INDEX(Calc!$O$2:$O$301,I51)) | E51: =IF(B51="","",INDEX(Calc!$P$2:$P$301,I51)) | F51: =IF(E51="","",IF(E51>=C_BOA,"Boa",IF(E51>=C_ATENCAO,"Atenção","Crítica"))) | H51: =IF(B51="","",IF($C$4="Maiores notas primeiro",LARGE(Calc!$R$2:$R$301,B51),SMALL(Calc!$R$2:$R$301,B51))) | I51: =IF(B51="","",MATCH(H51,Calc!$R$2:$R$301,0))
B52: =IF(46<=COUNT(Calc!$R$2:$R$301),46,"") | C52: =IF(B52="","",INDEX(Calc!$Q$2:$Q$301,I52)) | D52: =IF(B52="","",INDEX(Calc!$O$2:$O$301,I52)) | E52: =IF(B52="","",INDEX(Calc!$P$2:$P$301,I52)) | F52: =IF(E52="","",IF(E52>=C_BOA,"Boa",IF(E52>=C_ATENCAO,"Atenção","Crítica"))) | H52: =IF(B52="","",IF($C$4="Maiores notas primeiro",LARGE(Calc!$R$2:$R$301,B52),SMALL(Calc!$R$2:$R$301,B52))) | I52: =IF(B52="","",MATCH(H52,Calc!$R$2:$R$301,0))
B53: =IF(47<=COUNT(Calc!$R$2:$R$301),47,"") | C53: =IF(B53="","",INDEX(Calc!$Q$2:$Q$301,I53)) | D53: =IF(B53="","",INDEX(Calc!$O$2:$O$301,I53)) | E53: =IF(B53="","",INDEX(Calc!$P$2:$P$301,I53)) | F53: =IF(E53="","",IF(E53>=C_BOA,"Boa",IF(E53>=C_ATENCAO,"Atenção","Crítica"))) | H53: =IF(B53="","",IF($C$4="Maiores notas primeiro",LARGE(Calc!$R$2:$R$301,B53),SMALL(Calc!$R$2:$R$301,B53))) | I53: =IF(B53="","",MATCH(H53,Calc!$R$2:$R$301,0))
B54: =IF(48<=COUNT(Calc!$R$2:$R$301),48,"") | C54: =IF(B54="","",INDEX(Calc!$Q$2:$Q$301,I54)) | D54: =IF(B54="","",INDEX(Calc!$O$2:$O$301,I54)) | E54: =IF(B54="","",INDEX(Calc!$P$2:$P$301,I54)) | F54: =IF(E54="","",IF(E54>=C_BOA,"Boa",IF(E54>=C_ATENCAO,"Atenção","Crítica"))) | H54: =IF(B54="","",IF($C$4="Maiores notas primeiro",LARGE(Calc!$R$2:$R$301,B54),SMALL(Calc!$R$2:$R$301,B54))) | I54: =IF(B54="","",MATCH(H54,Calc!$R$2:$R$301,0))
B55: =IF(49<=COUNT(Calc!$R$2:$R$301),49,"") | C55: =IF(B55="","",INDEX(Calc!$Q$2:$Q$301,I55)) | D55: =IF(B55="","",INDEX(Calc!$O$2:$O$301,I55)) | E55: =IF(B55="","",INDEX(Calc!$P$2:$P$301,I55)) | F55: =IF(E55="","",IF(E55>=C_BOA,"Boa",IF(E55>=C_ATENCAO,"Atenção","Crítica"))) | H55: =IF(B55="","",IF($C$4="Maiores notas primeiro",LARGE(Calc!$R$2:$R$301,B55),SMALL(Calc!$R$2:$R$301,B55))) | I55: =IF(B55="","",MATCH(H55,Calc!$R$2:$R$301,0))
B56: =IF(50<=COUNT(Calc!$R$2:$R$301),50,"") | C56: =IF(B56="","",INDEX(Calc!$Q$2:$Q$301,I56)) | D56: =IF(B56="","",INDEX(Calc!$O$2:$O$301,I56)) | E56: =IF(B56="","",INDEX(Calc!$P$2:$P$301,I56)) | F56: =IF(E56="","",IF(E56>=C_BOA,"Boa",IF(E56>=C_ATENCAO,"Atenção","Crítica"))) | H56: =IF(B56="","",IF($C$4="Maiores notas primeiro",LARGE(Calc!$R$2:$R$301,B56),SMALL(Calc!$R$2:$R$301,B56))) | I56: =IF(B56="","",MATCH(H56,Calc!$R$2:$R$301,0))
B57: =IF(51<=COUNT(Calc!$R$2:$R$301),51,"") | C57: =IF(B57="","",INDEX(Calc!$Q$2:$Q$301,I57)) | D57: =IF(B57="","",INDEX(Calc!$O$2:$O$301,I57)) | E57: =IF(B57="","",INDEX(Calc!$P$2:$P$301,I57)) | F57: =IF(E57="","",IF(E57>=C_BOA,"Boa",IF(E57>=C_ATENCAO,"Atenção","Crítica"))) | H57: =IF(B57="","",IF($C$4="Maiores notas primeiro",LARGE(Calc!$R$2:$R$301,B57),SMALL(Calc!$R$2:$R$301,B57))) | I57: =IF(B57="","",MATCH(H57,Calc!$R$2:$R$301,0))
B58: =IF(52<=COUNT(Calc!$R$2:$R$301),52,"") | C58: =IF(B58="","",INDEX(Calc!$Q$2:$Q$301,I58)) | D58: =IF(B58="","",INDEX(Calc!$O$2:$O$301,I58)) | E58: =IF(B58="","",INDEX(Calc!$P$2:$P$301,I58)) | F58: =IF(E58="","",IF(E58>=C_BOA,"Boa",IF(E58>=C_ATENCAO,"Atenção","Crítica"))) | H58: =IF(B58="","",IF($C$4="Maiores notas primeiro",LARGE(Calc!$R$2:$R$301,B58),SMALL(Calc!$R$2:$R$301,B58))) | I58: =IF(B58="","",MATCH(H58,Calc!$R$2:$R$301,0))
B59: =IF(53<=COUNT(Calc!$R$2:$R$301),53,"") | C59: =IF(B59="","",INDEX(Calc!$Q$2:$Q$301,I59)) | D59: =IF(B59="","",INDEX(Calc!$O$2:$O$301,I59)) | E59: =IF(B59="","",INDEX(Calc!$P$2:$P$301,I59)) | F59: =IF(E59="","",IF(E59>=C_BOA,"Boa",IF(E59>=C_ATENCAO,"Atenção","Crítica"))) | H59: =IF(B59="","",IF($C$4="Maiores notas primeiro",LARGE(Calc!$R$2:$R$301,B59),SMALL(Calc!$R$2:$R$301,B59))) | I59: =IF(B59="","",MATCH(H59,Calc!$R$2:$R$301,0))
B60: =IF(54<=COUNT(Calc!$R$2:$R$301),54,"") | C60: =IF(B60="","",INDEX(Calc!$Q$2:$Q$301,I60)) | D60: =IF(B60="","",INDEX(Calc!$O$2:$O$301,I60)) | E60: =IF(B60="","",INDEX(Calc!$P$2:$P$301,I60)) | F60: =IF(E60="","",IF(E60>=C_BOA,"Boa",IF(E60>=C_ATENCAO,"Atenção","Crítica"))) | H60: =IF(B60="","",IF($C$4="Maiores notas primeiro",LARGE(Calc!$R$2:$R$301,B60),SMALL(Calc!$R$2:$R$301,B60))) | I60: =IF(B60="","",MATCH(H60,Calc!$R$2:$R$301,0))
B61: =IF(55<=COUNT(Calc!$R$2:$R$301),55,"") | C61: =IF(B61="","",INDEX(Calc!$Q$2:$Q$301,I61)) | D61: =IF(B61="","",INDEX(Calc!$O$2:$O$301,I61)) | E61: =IF(B61="","",INDEX(Calc!$P$2:$P$301,I61)) | F61: =IF(E61="","",IF(E61>=C_BOA,"Boa",IF(E61>=C_ATENCAO,"Atenção","Crítica"))) | H61: =IF(B61="","",IF($C$4="Maiores notas primeiro",LARGE(Calc!$R$2:$R$301,B61),SMALL(Calc!$R$2:$R$301,B61))) | I61: =IF(B61="","",MATCH(H61,Calc!$R$2:$R$301,0))
B62: =IF(56<=COUNT(Calc!$R$2:$R$301),56,"") | C62: =IF(B62="","",INDEX(Calc!$Q$2:$Q$301,I62)) | D62: =IF(B62="","",INDEX(Calc!$O$2:$O$301,I62)) | E62: =IF(B62="","",INDEX(Calc!$P$2:$P$301,I62)) | F62: =IF(E62="","",IF(E62>=C_BOA,"Boa",IF(E62>=C_ATENCAO,"Atenção","Crítica"))) | H62: =IF(B62="","",IF($C$4="Maiores notas primeiro",LARGE(Calc!$R$2:$R$301,B62),SMALL(Calc!$R$2:$R$301,B62))) | I62: =IF(B62="","",MATCH(H62,Calc!$R$2:$R$301,0))
B63: =IF(57<=COUNT(Calc!$R$2:$R$301),57,"") | C63: =IF(B63="","",INDEX(Calc!$Q$2:$Q$301,I63)) | D63: =IF(B63="","",INDEX(Calc!$O$2:$O$301,I63)) | E63: =IF(B63="","",INDEX(Calc!$P$2:$P$301,I63)) | F63: =IF(E63="","",IF(E63>=C_BOA,"Boa",IF(E63>=C_ATENCAO,"Atenção","Crítica"))) | H63: =IF(B63="","",IF($C$4="Maiores notas primeiro",LARGE(Calc!$R$2:$R$301,B63),SMALL(Calc!$R$2:$R$301,B63))) | I63: =IF(B63="","",MATCH(H63,Calc!$R$2:$R$301,0))
B64: =IF(58<=COUNT(Calc!$R$2:$R$301),58,"") | C64: =IF(B64="","",INDEX(Calc!$Q$2:$Q$301,I64)) | D64: =IF(B64="","",INDEX(Calc!$O$2:$O$301,I64)) | E64: =IF(B64="","",INDEX(Calc!$P$2:$P$301,I64)) | F64: =IF(E64="","",IF(E64>=C_BOA,"Boa",IF(E64>=C_ATENCAO,"Atenção","Crítica"))) | H64: =IF(B64="","",IF($C$4="Maiores notas primeiro",LARGE(Calc!$R$2:$R$301,B64),SMALL(Calc!$R$2:$R$301,B64))) | I64: =IF(B64="","",MATCH(H64,Calc!$R$2:$R$301,0))
B65: =IF(59<=COUNT(Calc!$R$2:$R$301),59,"") | C65: =IF(B65="","",INDEX(Calc!$Q$2:$Q$301,I65)) | D65: =IF(B65="","",INDEX(Calc!$O$2:$O$301,I65)) | E65: =IF(B65="","",INDEX(Calc!$P$2:$P$301,I65)) | F65: =IF(E65="","",IF(E65>=C_BOA,"Boa",IF(E65>=C_ATENCAO,"Atenção","Crítica"))) | H65: =IF(B65="","",IF($C$4="Maiores notas primeiro",LARGE(Calc!$R$2:$R$301,B65),SMALL(Calc!$R$2:$R$301,B65))) | I65: =IF(B65="","",MATCH(H65,Calc!$R$2:$R$301,0))
B66: =IF(60<=COUNT(Calc!$R$2:$R$301),60,"") | C66: =IF(B66="","",INDEX(Calc!$Q$2:$Q$301,I66)) | D66: =IF(B66="","",INDEX(Calc!$O$2:$O$301,I66)) | E66: =IF(B66="","",INDEX(Calc!$P$2:$P$301,I66)) | F66: =IF(E66="","",IF(E66>=C_BOA,"Boa",IF(E66>=C_ATENCAO,"Atenção","Crítica"))) | H66: =IF(B66="","",IF($C$4="Maiores notas primeiro",LARGE(Calc!$R$2:$R$301,B66),SMALL(Calc!$R$2:$R$301,B66))) | I66: =IF(B66="","",MATCH(H66,Calc!$R$2:$R$301,0))

Sheet Ranking Escolas
B1: 4 | C1: ODS 4 · Educação de Qualidade · Recode — Avaliação Escolas
C2: Escolas
C3: Ranking das escolas por nota de qualidade (1 a 5). Use as células em azul claro para filtrar.
B4: Ordem | C4: Maiores notas primeiro | E4: Região | F4: Todas | H4: Tipo | I4: Todos
B5: ="Escolas no filtro: "&COUNT(Calc!$K$2:$K$301)&" · média: "&IFERROR(TEXT(AVERAGEIFS(Calc!$C$2:$C$301,Calc!$K$2:$K$301,">=0"),"0.0"),"—")
B7: # | C7: Escola | D7: Tipo | E7: Região | F7: UF | G7: Nota | H7: Faixa
B8: =IF(1<=COUNT(Calc!$K$2:$K$301),1,"") | C8: =IF(B8="","",INDEX(Calc!$B$2:$B$301,L8)) | D8: =IF(B8="","",INDEX(Calc!$E$2:$E$301,L8)) | E8: =IF(B8="","",INDEX(Calc!$H$2:$H$301,L8)) | F8: =IF(B8="","",INDEX(Calc!$G$2:$G$301,L8)) | G8: =IF(B8="","",INDEX(Calc!$C$2:$C$301,L8)) | H8: =IF(G8="","",IF(G8>=Q_BOA,"Boa",IF(G8>=Q_ATENCAO,"Atenção","Crítica"))) | K8: =IF(B8="","",IF($C$4="Maiores notas primeiro",LARGE(Calc!$K$2:$K$301,B8),SMALL(Calc!$K$2:$K$301,B8))) | L8: =IF(B8="","",MATCH(K8,Calc!$K$2:$K$301,0))
B9: =IF(2<=COUNT(Calc!$K$2:$K$301),2,"") | C9: =IF(B9="","",INDEX(Calc!$B$2:$B$301,L9)) | D9: =IF(B9="","",INDEX(Calc!$E$2:$E$301,L9)) | E9: =IF(B9="","",INDEX(Calc!$H$2:$H$301,L9)) | F9: =IF(B9="","",INDEX(Calc!$G$2:$G$301,L9)) | G9: =IF(B9="","",INDEX(Calc!$C$2:$C$301,L9)) | H9: =IF(G9="","",IF(G9>=Q_BOA,"Boa",IF(G9>=Q_ATENCAO,"Atenção","Crítica"))) | K9: =IF(B9="","",IF($C$4="Maiores notas primeiro",LARGE(Calc!$K$2:$K$301,B9),SMALL(Calc!$K$2:$K$301,B9))) | L9: =IF(B9="","",MATCH(K9,Calc!$K$2:$K$301,0))
B10: =IF(3<=COUNT(Calc!$K$2:$K$301),3,"") | C10: =IF(B10="","",INDEX(Calc!$B$2:$B$301,L10)) | D10: =IF(B10="","",INDEX(Calc!$E$2:$E$301,L10)) | E10: =IF(B10="","",INDEX(Calc!$H$2:$H$301,L10)) | F10: =IF(B10="","",INDEX(Calc!$G$2:$G$301,L10)) | G10: =IF(B10="","",INDEX(Calc!$C$2:$C$301,L10)) | H10: =IF(G10="","",IF(G10>=Q_BOA,"Boa",IF(G10>=Q_ATENCAO,"Atenção","Crítica"))) | K10: =IF(B10="","",IF($C$4="Maiores notas primeiro",LARGE(Calc!$K$2:$K$301,B10),SMALL(Calc!$K$2:$K$301,B10))) | L10: =IF(B10="","",MATCH(K10,Calc!$K$2:$K$301,0))
B11: =IF(4<=COUNT(Calc!$K$2:$K$301),4,"") | C11: =IF(B11="","",INDEX(Calc!$B$2:$B$301,L11)) | D11: =IF(B11="","",INDEX(Calc!$E$2:$E$301,L11)) | E11: =IF(B11="","",INDEX(Calc!$H$2:$H$301,L11)) | F11: =IF(B11="","",INDEX(Calc!$G$2:$G$301,L11)) | G11: =IF(B11="","",INDEX(Calc!$C$2:$C$301,L11)) | H11: =IF(G11="","",IF(G11>=Q_BOA,"Boa",IF(G11>=Q_ATENCAO,"Atenção","Crítica"))) | K11: =IF(B11="","",IF($C$4="Maiores notas primeiro",LARGE(Calc!$K$2:$K$301,B11),SMALL(Calc!$K$2:$K$301,B11))) | L11: =IF(B11="","",MATCH(K11,Calc!$K$2:$K$301,0))
B12: =IF(5<=COUNT(Calc!$K$2:$K$301),5,"") | C12: =IF(B12="","",INDEX(Calc!$B$2:$B$301,L12)) | D12: =IF(B12="","",INDEX(Calc!$E$2:$E$301,L12)) | E12: =IF(B12="","",INDEX(Calc!$H$2:$H$301,L12)) | F12: =IF(B12="","",INDEX(Calc!$G$2:$G$301,L12)) | G12: =IF(B12="","",INDEX(Calc!$C$2:$C$301,L12)) | H12: =IF(G12="","",IF(G12>=Q_BOA,"Boa",IF(G12>=Q_ATENCAO,"Atenção","Crítica"))) | K12: =IF(B12="","",IF($C$4="Maiores notas primeiro",LARGE(Calc!$K$2:$K$301,B12),SMALL(Calc!$K$2:$K$301,B12))) | L12: =IF(B12="","",MATCH(K12,Calc!$K$2:$K$301,0))
B13: =IF(6<=COUNT(Calc!$K$2:$K$301),6,"") | C13: =IF(B13="","",INDEX(Calc!$B$2:$B$301,L13)) | D13: =IF(B13="","",INDEX(Calc!$E$2:$E$301,L13)) | E13: =IF(B13="","",INDEX(Calc!$H$2:$H$301,L13)) | F13: =IF(B13="","",INDEX(Calc!$G$2:$G$301,L13)) | G13: =IF(B13="","",INDEX(Calc!$C$2:$C$301,L13)) | H13: =IF(G13="","",IF(G13>=Q_BOA,"Boa",IF(G13>=Q_ATENCAO,"Atenção","Crítica"))) | K13: =IF(B13="","",IF($C$4="Maiores notas primeiro",LARGE(Calc!$K$2:$K$301,B13),SMALL(Calc!$K$2:$K$301,B13))) | L13: =IF(B13="","",MATCH(K13,Calc!$K$2:$K$301,0))
B14: =IF(7<=COUNT(Calc!$K$2:$K$301),7,"") | C14: =IF(B14="","",INDEX(Calc!$B$2:$B$301,L14)) | D14: =IF(B14="","",INDEX(Calc!$E$2:$E$301,L14)) | E14: =IF(B14="","",INDEX(Calc!$H$2:$H$301,L14)) | F14: =IF(B14="","",INDEX(Calc!$G$2:$G$301,L14)) | G14: =IF(B14="","",INDEX(Calc!$C$2:$C$301,L14)) | H14: =IF(G14="","",IF(G14>=Q_BOA,"Boa",IF(G14>=Q_ATENCAO,"Atenção","Crítica"))) | K14: =IF(B14="","",IF($C$4="Maiores notas primeiro",LARGE(Calc!$K$2:$K$301,B14),SMALL(Calc!$K$2:$K$301,B14))) | L14: =IF(B14="","",MATCH(K14,Calc!$K$2:$K$301,0))
B15: =IF(8<=COUNT(Calc!$K$2:$K$301),8,"") | C15: =IF(B15="","",INDEX(Calc!$B$2:$B$301,L15)) | D15: =IF(B15="","",INDEX(Calc!$E$2:$E$301,L15)) | E15: =IF(B15="","",INDEX(Calc!$H$2:$H$301,L15)) | F15: =IF(B15="","",INDEX(Calc!$G$2:$G$301,L15)) | G15: =IF(B15="","",INDEX(Calc!$C$2:$C$301,L15)) | H15: =IF(G15="","",IF(G15>=Q_BOA,"Boa",IF(G15>=Q_ATENCAO,"Atenção","Crítica"))) | K15: =IF(B15="","",IF($C$4="Maiores notas primeiro",LARGE(Calc!$K$2:$K$301,B15),SMALL(Calc!$K$2:$K$301,B15))) | L15: =IF(B15="","",MATCH(K15,Calc!$K$2:$K$301,0))
B16: =IF(9<=COUNT(Calc!$K$2:$K$301),9,"") | C16: =IF(B16="","",INDEX(Calc!$B$2:$B$301,L16)) | D16: =IF(B16="","",INDEX(Calc!$E$2:$E$301,L16)) | E16: =IF(B16="","",INDEX(Calc!$H$2:$H$301,L16)) | F16: =IF(B16="","",INDEX(Calc!$G$2:$G$301,L16)) | G16: =IF(B16="","",INDEX(Calc!$C$2:$C$301,L16)) | H16: =IF(G16="","",IF(G16>=Q_BOA,"Boa",IF(G16>=Q_ATENCAO,"Atenção","Crítica"))) | K16: =IF(B16="","",IF($C$4="Maiores notas primeiro",LARGE(Calc!$K$2:$K$301,B16),SMALL(Calc!$K$2:$K$301,B16))) | L16: =IF(B16="","",MATCH(K16,Calc!$K$2:$K$301,0))
B17: =IF(10<=COUNT(Calc!$K$2:$K$301),10,"") | C17: =IF(B17="","",INDEX(Calc!$B$2:$B$301,L17)) | D17: =IF(B17="","",INDEX(Calc!$E$2:$E$301,L17)) | E17: =IF(B17="","",INDEX(Calc!$H$2:$H$301,L17)) | F17: =IF(B17="","",INDEX(Calc!$G$2:$G$301,L17)) | G17: =IF(B17="","",INDEX(Calc!$C$2:$C$301,L17)) | H17: =IF(G17="","",IF(G17>=Q_BOA,"Boa",IF(G17>=Q_ATENCAO,"Atenção","Crítica"))) | K17: =IF(B17="","",IF($C$4="Maiores notas primeiro",LARGE(Calc!$K$2:$K$301,B17),SMALL(Calc!$K$2:$K$301,B17))) | L17: =IF(B17="","",MATCH(K17,Calc!$K$2:$K$301,0))
B18: =IF(11<=COUNT(Calc!$K$2:$K$301),11,"") | C18: =IF(B18="","",INDEX(Calc!$B$2:$B$301,L18)) | D18: =IF(B18="","",INDEX(Calc!$E$2:$E$301,L18)) | E18: =IF(B18="","",INDEX(Calc!$H$2:$H$301,L18)) | F18: =IF(B18="","",INDEX(Calc!$G$2:$G$301,L18)) | G18: =IF(B18="","",INDEX(Calc!$C$2:$C$301,L18)) | H18: =IF(G18="","",IF(G18>=Q_BOA,"Boa",IF(G18>=Q_ATENCAO,"Atenção","Crítica"))) | K18: =IF(B18="","",IF($C$4="Maiores notas primeiro",LARGE(Calc!$K$2:$K$301,B18),SMALL(Calc!$K$2:$K$301,B18))) | L18: =IF(B18="","",MATCH(K18,Calc!$K$2:$K$301,0))
B19: =IF(12<=COUNT(Calc!$K$2:$K$301),12,"") | C19: =IF(B19="","",INDEX(Calc!$B$2:$B$301,L19)) | D19: =IF(B19="","",INDEX(Calc!$E$2:$E$301,L19)) | E19: =IF(B19="","",INDEX(Calc!$H$2:$H$301,L19)) | F19: =IF(B19="","",INDEX(Calc!$G$2:$G$301,L19)) | G19: =IF(B19="","",INDEX(Calc!$C$2:$C$301,L19)) | H19: =IF(G19="","",IF(G19>=Q_BOA,"Boa",IF(G19>=Q_ATENCAO,"Atenção","Crítica"))) | K19: =IF(B19="","",IF($C$4="Maiores notas primeiro",LARGE(Calc!$K$2:$K$301,B19),SMALL(Calc!$K$2:$K$301,B19))) | L19: =IF(B19="","",MATCH(K19,Calc!$K$2:$K$301,0))
B20: =IF(13<=COUNT(Calc!$K$2:$K$301),13,"") | C20: =IF(B20="","",INDEX(Calc!$B$2:$B$301,L20)) | D20: =IF(B20="","",INDEX(Calc!$E$2:$E$301,L20)) | E20: =IF(B20="","",INDEX(Calc!$H$2:$H$301,L20)) | F20: =IF(B20="","",INDEX(Calc!$G$2:$G$301,L20)) | G20: =IF(B20="","",INDEX(Calc!$C$2:$C$301,L20)) | H20: =IF(G20="","",IF(G20>=Q_BOA,"Boa",IF(G20>=Q_ATENCAO,"Atenção","Crítica"))) | K20: =IF(B20="","",IF($C$4="Maiores notas primeiro",LARGE(Calc!$K$2:$K$301,B20),SMALL(Calc!$K$2:$K$301,B20))) | L20: =IF(B20="","",MATCH(K20,Calc!$K$2:$K$301,0))
B21: =IF(14<=COUNT(Calc!$K$2:$K$301),14,"") | C21: =IF(B21="","",INDEX(Calc!$B$2:$B$301,L21)) | D21: =IF(B21="","",INDEX(Calc!$E$2:$E$301,L21)) | E21: =IF(B21="","",INDEX(Calc!$H$2:$H$301,L21)) | F21: =IF(B21="","",INDEX(Calc!$G$2:$G$301,L21)) | G21: =IF(B21="","",INDEX(Calc!$C$2:$C$301,L21)) | H21: =IF(G21="","",IF(G21>=Q_BOA,"Boa",IF(G21>=Q_ATENCAO,"Atenção","Crítica"))) | K21: =IF(B21="","",IF($C$4="Maiores notas primeiro",LARGE(Calc!$K$2:$K$301,B21),SMALL(Calc!$K$2:$K$301,B21))) | L21: =IF(B21="","",MATCH(K21,Calc!$K$2:$K$301,0))
B22: =IF(15<=COUNT(Calc!$K$2:$K$301),15,"") | C22: =IF(B22="","",INDEX(Calc!$B$2:$B$301,L22)) | D22: =IF(B22="","",INDEX(Calc!$E$2:$E$301,L22)) | E22: =IF(B22="","",INDEX(Calc!$H$2:$H$301,L22)) | F22: =IF(B22="","",INDEX(Calc!$G$2:$G$301,L22)) | G22: =IF(B22="","",INDEX(Calc!$C$2:$C$301,L22)) | H22: =IF(G22="","",IF(G22>=Q_BOA,"Boa",IF(G22>=Q_ATENCAO,"Atenção","Crítica"))) | K22: =IF(B22="","",IF($C$4="Maiores notas primeiro",LARGE(Calc!$K$2:$K$301,B22),SMALL(Calc!$K$2:$K$301,B22))) | L22: =IF(B22="","",MATCH(K22,Calc!$K$2:$K$301,0))
B23: =IF(16<=COUNT(Calc!$K$2:$K$301),16,"") | C23: =IF(B23="","",INDEX(Calc!$B$2:$B$301,L23)) | D23: =IF(B23="","",INDEX(Calc!$E$2:$E$301,L23)) | E23: =IF(B23="","",INDEX(Calc!$H$2:$H$301,L23)) | F23: =IF(B23="","",INDEX(Calc!$G$2:$G$301,L23)) | G23: =IF(B23="","",INDEX(Calc!$C$2:$C$301,L23)) | H23: =IF(G23="","",IF(G23>=Q_BOA,"Boa",IF(G23>=Q_ATENCAO,"Atenção","Crítica"))) | K23: =IF(B23="","",IF($C$4="Maiores notas primeiro",LARGE(Calc!$K$2:$K$301,B23),SMALL(Calc!$K$2:$K$301,B23))) | L23: =IF(B23="","",MATCH(K23,Calc!$K$2:$K$301,0))
B24: =IF(17<=COUNT(Calc!$K$2:$K$301),17,"") | C24: =IF(B24="","",INDEX(Calc!$B$2:$B$301,L24)) | D24: =IF(B24="","",INDEX(Calc!$E$2:$E$301,L24)) | E24: =IF(B24="","",INDEX(Calc!$H$2:$H$301,L24)) | F24: =IF(B24="","",INDEX(Calc!$G$2:$G$301,L24)) | G24: =IF(B24="","",INDEX(Calc!$C$2:$C$301,L24)) | H24: =IF(G24="","",IF(G24>=Q_BOA,"Boa",IF(G24>=Q_ATENCAO,"Atenção","Crítica"))) | K24: =IF(B24="","",IF($C$4="Maiores notas primeiro",LARGE(Calc!$K$2:$K$301,B24),SMALL(Calc!$K$2:$K$301,B24))) | L24: =IF(B24="","",MATCH(K24,Calc!$K$2:$K$301,0))
B25: =IF(18<=COUNT(Calc!$K$2:$K$301),18,"") | C25: =IF(B25="","",INDEX(Calc!$B$2:$B$301,L25)) | D25: =IF(B25="","",INDEX(Calc!$E$2:$E$301,L25)) | E25: =IF(B25="","",INDEX(Calc!$H$2:$H$301,L25)) | F25: =IF(B25="","",INDEX(Calc!$G$2:$G$301,L25)) | G25: =IF(B25="","",INDEX(Calc!$C$2:$C$301,L25)) | H25: =IF(G25="","",IF(G25>=Q_BOA,"Boa",IF(G25>=Q_ATENCAO,"Atenção","Crítica"))) | K25: =IF(B25="","",IF($C$4="Maiores notas primeiro",LARGE(Calc!$K$2:$K$301,B25),SMALL(Calc!$K$2:$K$301,B25))) | L25: =IF(B25="","",MATCH(K25,Calc!$K$2:$K$301,0))
B26: =IF(19<=COUNT(Calc!$K$2:$K$301),19,"") | C26: =IF(B26="","",INDEX(Calc!$B$2:$B$301,L26)) | D26: =IF(B26="","",INDEX(Calc!$E$2:$E$301,L26)) | E26: =IF(B26="","",INDEX(Calc!$H$2:$H$301,L26)) | F26: =IF(B26="","",INDEX(Calc!$G$2:$G$301,L26)) | G26: =IF(B26="","",INDEX(Calc!$C$2:$C$301,L26)) | H26: =IF(G26="","",IF(G26>=Q_BOA,"Boa",IF(G26>=Q_ATENCAO,"Atenção","Crítica"))) | K26: =IF(B26="","",IF($C$4="Maiores notas primeiro",LARGE(Calc!$K$2:$K$301,B26),SMALL(Calc!$K$2:$K$301,B26))) | L26: =IF(B26="","",MATCH(K26,Calc!$K$2:$K$301,0))
B27: =IF(20<=COUNT(Calc!$K$2:$K$301),20,"") | C27: =IF(B27="","",INDEX(Calc!$B$2:$B$301,L27)) | D27: =IF(B27="","",INDEX(Calc!$E$2:$E$301,L27)) | E27: =IF(B27="","",INDEX(Calc!$H$2:$H$301,L27)) | F27: =IF(B27="","",INDEX(Calc!$G$2:$G$301,L27)) | G27: =IF(B27="","",INDEX(Calc!$C$2:$C$301,L27)) | H27: =IF(G27="","",IF(G27>=Q_BOA,"Boa",IF(G27>=Q_ATENCAO,"Atenção","Crítica"))) | K27: =IF(B27="","",IF($C$4="Maiores notas primeiro",LARGE(Calc!$K$2:$K$301,B27),SMALL(Calc!$K$2:$K$301,B27))) | L27: =IF(B27="","",MATCH(K27,Calc!$K$2:$K$301,0))
B28: =IF(21<=COUNT(Calc!$K$2:$K$301),21,"") | C28: =IF(B28="","",INDEX(Calc!$B$2:$B$301,L28)) | D28: =IF(B28="","",INDEX(Calc!$E$2:$E$301,L28)) | E28: =IF(B28="","",INDEX(Calc!$H$2:$H$301,L28)) | F28: =IF(B28="","",INDEX(Calc!$G$2:$G$301,L28)) | G28: =IF(B28="","",INDEX(Calc!$C$2:$C$301,L28)) | H28: =IF(G28="","",IF(G28>=Q_BOA,"Boa",IF(G28>=Q_ATENCAO,"Atenção","Crítica"))) | K28: =IF(B28="","",IF($C$4="Maiores notas primeiro",LARGE(Calc!$K$2:$K$301,B28),SMALL(Calc!$K$2:$K$301,B28))) | L28: =IF(B28="","",MATCH(K28,Calc!$K$2:$K$301,0))
B29: =IF(22<=COUNT(Calc!$K$2:$K$301),22,"") | C29: =IF(B29="","",INDEX(Calc!$B$2:$B$301,L29)) | D29: =IF(B29="","",INDEX(Calc!$E$2:$E$301,L29)) | E29: =IF(B29="","",INDEX(Calc!$H$2:$H$301,L29)) | F29: =IF(B29="","",INDEX(Calc!$G$2:$G$301,L29)) | G29: =IF(B29="","",INDEX(Calc!$C$2:$C$301,L29)) | H29: =IF(G29="","",IF(G29>=Q_BOA,"Boa",IF(G29>=Q_ATENCAO,"Atenção","Crítica"))) | K29: =IF(B29="","",IF($C$4="Maiores notas primeiro",LARGE(Calc!$K$2:$K$301,B29),SMALL(Calc!$K$2:$K$301,B29))) | L29: =IF(B29="","",MATCH(K29,Calc!$K$2:$K$301,0))
B30: =IF(23<=COUNT(Calc!$K$2:$K$301),23,"") | C30: =IF(B30="","",INDEX(Calc!$B$2:$B$301,L30)) | D30: =IF(B30="","",INDEX(Calc!$E$2:$E$301,L30)) | E30: =IF(B30="","",INDEX(Calc!$H$2:$H$301,L30)) | F30: =IF(B30="","",INDEX(Calc!$G$2:$G$301,L30)) | G30: =IF(B30="","",INDEX(Calc!$C$2:$C$301,L30)) | H30: =IF(G30="","",IF(G30>=Q_BOA,"Boa",IF(G30>=Q_ATENCAO,"Atenção","Crítica"))) | K30: =IF(B30="","",IF($C$4="Maiores notas primeiro",LARGE(Calc!$K$2:$K$301,B30),SMALL(Calc!$K$2:$K$301,B30))) | L30: =IF(B30="","",MATCH(K30,Calc!$K$2:$K$301,0))
B31: =IF(24<=COUNT(Calc!$K$2:$K$301),24,"") | C31: =IF(B31="","",INDEX(Calc!$B$2:$B$301,L31)) | D31: =IF(B31="","",INDEX(Calc!$E$2:$E$301,L31)) | E31: =IF(B31="","",INDEX(Calc!$H$2:$H$301,L31)) | F31: =IF(B31="","",INDEX(Calc!$G$2:$G$301,L31)) | G31: =IF(B31="","",INDEX(Calc!$C$2:$C$301,L31)) | H31: =IF(G31="","",IF(G31>=Q_BOA,"Boa",IF(G31>=Q_ATENCAO,"Atenção","Crítica"))) | K31: =IF(B31="","",IF($C$4="Maiores notas primeiro",LARGE(Calc!$K$2:$K$301,B31),SMALL(Calc!$K$2:$K$301,B31))) | L31: =IF(B31="","",MATCH(K31,Calc!$K$2:$K$301,0))
B32: =IF(25<=COUNT(Calc!$K$2:$K$301),25,"") | C32: =IF(B32="","",INDEX(Calc!$B$2:$B$301,L32)) | D32: =IF(B32="","",INDEX(Calc!$E$2:$E$301,L32)) | E32: =IF(B32="","",INDEX(Calc!$H$2:$H$301,L32)) | F32: =IF(B32="","",INDEX(Calc!$G$2:$G$301,L32)) | G32: =IF(B32="","",INDEX(Calc!$C$2:$C$301,L32)) | H32: =IF(G32="","",IF(G32>=Q_BOA,"Boa",IF(G32>=Q_ATENCAO,"Atenção","Crítica"))) | K32: =IF(B32="","",IF($C$4="Maiores notas primeiro",LARGE(Calc!$K$2:$K$301,B32),SMALL(Calc!$K$2:$K$301,B32))) | L32: =IF(B32="","",MATCH(K32,Calc!$K$2:$K$301,0))
B33: =IF(26<=COUNT(Calc!$K$2:$K$301),26,"") | C33: =IF(B33="","",INDEX(Calc!$B$2:$B$301,L33)) | D33: =IF(B33="","",INDEX(Calc!$E$2:$E$301,L33)) | E33: =IF(B33="","",INDEX(Calc!$H$2:$H$301,L33)) | F33: =IF(B33="","",INDEX(Calc!$G$2:$G$301,L33)) | G33: =IF(B33="","",INDEX(Calc!$C$2:$C$301,L33)) | H33: =IF(G33="","",IF(G33>=Q_BOA,"Boa",IF(G33>=Q_ATENCAO,"Atenção","Crítica"))) | K33: =IF(B33="","",IF($C$4="Maiores notas primeiro",LARGE(Calc!$K$2:$K$301,B33),SMALL(Calc!$K$2:$K$301,B33))) | L33: =IF(B33="","",MATCH(K33,Calc!$K$2:$K$301,0))
B34: =IF(27<=COUNT(Calc!$K$2:$K$301),27,"") | C34: =IF(B34="","",INDEX(Calc!$B$2:$B$301,L34)) | D34: =IF(B34="","",INDEX(Calc!$E$2:$E$301,L34)) | E34: =IF(B34="","",INDEX(Calc!$H$2:$H$301,L34)) | F34: =IF(B34="","",INDEX(Calc!$G$2:$G$301,L34)) | G34: =IF(B34="","",INDEX(Calc!$C$2:$C$301,L34)) | H34: =IF(G34="","",IF(G34>=Q_BOA,"Boa",IF(G34>=Q_ATENCAO,"Atenção","Crítica"))) | K34: =IF(B34="","",IF($C$4="Maiores notas primeiro",LARGE(Calc!$K$2:$K$301,B34),SMALL(Calc!$K$2:$K$301,B34))) | L34: =IF(B34="","",MATCH(K34,Calc!$K$2:$K$301,0))
B35: =IF(28<=COUNT(Calc!$K$2:$K$301),28,"") | C35: =IF(B35="","",INDEX(Calc!$B$2:$B$301,L35)) | D35: =IF(B35="","",INDEX(Calc!$E$2:$E$301,L35)) | E35: =IF(B35="","",INDEX(Calc!$H$2:$H$301,L35)) | F35: =IF(B35="","",INDEX(Calc!$G$2:$G$301,L35)) | G35: =IF(B35="","",INDEX(Calc!$C$2:$C$301,L35)) | H35: =IF(G35="","",IF(G35>=Q_BOA,"Boa",IF(G35>=Q_ATENCAO,"Atenção","Crítica"))) | K35: =IF(B35="","",IF($C$4="Maiores notas primeiro",LARGE(Calc!$K$2:$K$301,B35),SMALL(Calc!$K$2:$K$301,B35))) | L35: =IF(B35="","",MATCH(K35,Calc!$K$2:$K$301,0))
B36: =IF(29<=COUNT(Calc!$K$2:$K$301),29,"") | C36: =IF(B36="","",INDEX(Calc!$B$2:$B$301,L36)) | D36: =IF(B36="","",INDEX(Calc!$E$2:$E$301,L36)) | E36: =IF(B36="","",INDEX(Calc!$H$2:$H$301,L36)) | F36: =IF(B36="","",INDEX(Calc!$G$2:$G$301,L36)) | G36: =IF(B36="","",INDEX(Calc!$C$2:$C$301,L36)) | H36: =IF(G36="","",IF(G36>=Q_BOA,"Boa",IF(G36>=Q_ATENCAO,"Atenção","Crítica"))) | K36: =IF(B36="","",IF($C$4="Maiores notas primeiro",LARGE(Calc!$K$2:$K$301,B36),SMALL(Calc!$K$2:$K$301,B36))) | L36: =IF(B36="","",MATCH(K36,Calc!$K$2:$K$301,0))
B37: =IF(30<=COUNT(Calc!$K$2:$K$301),30,"") | C37: =IF(B37="","",INDEX(Calc!$B$2:$B$301,L37)) | D37: =IF(B37="","",INDEX(Calc!$E$2:$E$301,L37)) | E37: =IF(B37="","",INDEX(Calc!$H$2:$H$301,L37)) | F37: =IF(B37="","",INDEX(Calc!$G$2:$G$301,L37)) | G37: =IF(B37="","",INDEX(Calc!$C$2:$C$301,L37)) | H37: =IF(G37="","",IF(G37>=Q_BOA,"Boa",IF(G37>=Q_ATENCAO,"Atenção","Crítica"))) | K37: =IF(B37="","",IF($C$4="Maiores notas primeiro",LARGE(Calc!$K$2:$K$301,B37),SMALL(Calc!$K$2:$K$301,B37))) | L37: =IF(B37="","",MATCH(K37,Calc!$K$2:$K$301,0))
B38: =IF(31<=COUNT(Calc!$K$2:$K$301),31,"") | C38: =IF(B38="","",INDEX(Calc!$B$2:$B$301,L38)) | D38: =IF(B38="","",INDEX(Calc!$E$2:$E$301,L38)) | E38: =IF(B38="","",INDEX(Calc!$H$2:$H$301,L38)) | F38: =IF(B38="","",INDEX(Calc!$G$2:$G$301,L38)) | G38: =IF(B38="","",INDEX(Calc!$C$2:$C$301,L38)) | H38: =IF(G38="","",IF(G38>=Q_BOA,"Boa",IF(G38>=Q_ATENCAO,"Atenção","Crítica"))) | K38: =IF(B38="","",IF($C$4="Maiores notas primeiro",LARGE(Calc!$K$2:$K$301,B38),SMALL(Calc!$K$2:$K$301,B38))) | L38: =IF(B38="","",MATCH(K38,Calc!$K$2:$K$301,0))
B39: =IF(32<=COUNT(Calc!$K$2:$K$301),32,"") | C39: =IF(B39="","",INDEX(Calc!$B$2:$B$301,L39)) | D39: =IF(B39="","",INDEX(Calc!$E$2:$E$301,L39)) | E39: =IF(B39="","",INDEX(Calc!$H$2:$H$301,L39)) | F39: =IF(B39="","",INDEX(Calc!$G$2:$G$301,L39)) | G39: =IF(B39="","",INDEX(Calc!$C$2:$C$301,L39)) | H39: =IF(G39="","",IF(G39>=Q_BOA,"Boa",IF(G39>=Q_ATENCAO,"Atenção","Crítica"))) | K39: =IF(B39="","",IF($C$4="Maiores notas primeiro",LARGE(Calc!$K$2:$K$301,B39),SMALL(Calc!$K$2:$K$301,B39))) | L39: =IF(B39="","",MATCH(K39,Calc!$K$2:$K$301,0))
B40: =IF(33<=COUNT(Calc!$K$2:$K$301),33,"") | C40: =IF(B40="","",INDEX(Calc!$B$2:$B$301,L40)) | D40: =IF(B40="","",INDEX(Calc!$E$2:$E$301,L40)) | E40: =IF(B40="","",INDEX(Calc!$H$2:$H$301,L40)) | F40: =IF(B40="","",INDEX(Calc!$G$2:$G$301,L40)) | G40: =IF(B40="","",INDEX(Calc!$C$2:$C$301,L40)) | H40: =IF(G40="","",IF(G40>=Q_BOA,"Boa",IF(G40>=Q_ATENCAO,"Atenção","Crítica"))) | K40: =IF(B40="","",IF($C$4="Maiores notas primeiro",LARGE(Calc!$K$2:$K$301,B40),SMALL(Calc!$K$2:$K$301,B40))) | L40: =IF(B40="","",MATCH(K40,Calc!$K$2:$K$301,0))
B41: =IF(34<=COUNT(Calc!$K$2:$K$301),34,"") | C41: =IF(B41="","",INDEX(Calc!$B$2:$B$301,L41)) | D41: =IF(B41="","",INDEX(Calc!$E$2:$E$301,L41)) | E41: =IF(B41="","",INDEX(Calc!$H$2:$H$301,L41)) | F41: =IF(B41="","",INDEX(Calc!$G$2:$G$301,L41)) | G41: =IF(B41="","",INDEX(Calc!$C$2:$C$301,L41)) | H41: =IF(G41="","",IF(G41>=Q_BOA,"Boa",IF(G41>=Q_ATENCAO,"Atenção","Crítica"))) | K41: =IF(B41="","",IF($C$4="Maiores notas primeiro",LARGE(Calc!$K$2:$K$301,B41),SMALL(Calc!$K$2:$K$301,B41))) | L41: =IF(B41="","",MATCH(K41,Calc!$K$2:$K$301,0))
B42: =IF(35<=COUNT(Calc!$K$2:$K$301),35,"") | C42: =IF(B42="","",INDEX(Calc!$B$2:$B$301,L42)) | D42: =IF(B42="","",INDEX(Calc!$E$2:$E$301,L42)) | E42: =IF(B42="","",INDEX(Calc!$H$2:$H$301,L42)) | F42: =IF(B42="","",INDEX(Calc!$G$2:$G$301,L42)) | G42: =IF(B42="","",INDEX(Calc!$C$2:$C$301,L42)) | H42: =IF(G42="","",IF(G42>=Q_BOA,"Boa",IF(G42>=Q_ATENCAO,"Atenção","Crítica"))) | K42: =IF(B42="","",IF($C$4="Maiores notas primeiro",LARGE(Calc!$K$2:$K$301,B42),SMALL(Calc!$K$2:$K$301,B42))) | L42: =IF(B42="","",MATCH(K42,Calc!$K$2:$K$301,0))
B43: =IF(36<=COUNT(Calc!$K$2:$K$301),36,"") | C43: =IF(B43="","",INDEX(Calc!$B$2:$B$301,L43)) | D43: =IF(B43="","",INDEX(Calc!$E$2:$E$301,L43)) | E43: =IF(B43="","",INDEX(Calc!$H$2:$H$301,L43)) | F43: =IF(B43="","",INDEX(Calc!$G$2:$G$301,L43)) | G43: =IF(B43="","",INDEX(Calc!$C$2:$C$301,L43)) | H43: =IF(G43="","",IF(G43>=Q_BOA,"Boa",IF(G43>=Q_ATENCAO,"Atenção","Crítica"))) | K43: =IF(B43="","",IF($C$4="Maiores notas primeiro",LARGE(Calc!$K$2:$K$301,B43),SMALL(Calc!$K$2:$K$301,B43))) | L43: =IF(B43="","",MATCH(K43,Calc!$K$2:$K$301,0))
B44: =IF(37<=COUNT(Calc!$K$2:$K$301),37,"") | C44: =IF(B44="","",INDEX(Calc!$B$2:$B$301,L44)) | D44: =IF(B44="","",INDEX(Calc!$E$2:$E$301,L44)) | E44: =IF(B44="","",INDEX(Calc!$H$2:$H$301,L44)) | F44: =IF(B44="","",INDEX(Calc!$G$2:$G$301,L44)) | G44: =IF(B44="","",INDEX(Calc!$C$2:$C$301,L44)) | H44: =IF(G44="","",IF(G44>=Q_BOA,"Boa",IF(G44>=Q_ATENCAO,"Atenção","Crítica"))) | K44: =IF(B44="","",IF($C$4="Maiores notas primeiro",LARGE(Calc!$K$2:$K$301,B44),SMALL(Calc!$K$2:$K$301,B44))) | L44: =IF(B44="","",MATCH(K44,Calc!$K$2:$K$301,0))
B45: =IF(38<=COUNT(Calc!$K$2:$K$301),38,"") | C45: =IF(B45="","",INDEX(Calc!$B$2:$B$301,L45)) | D45: =IF(B45="","",INDEX(Calc!$E$2:$E$301,L45)) | E45: =IF(B45="","",INDEX(Calc!$H$2:$H$301,L45)) | F45: =IF(B45="","",INDEX(Calc!$G$2:$G$301,L45)) | G45: =IF(B45="","",INDEX(Calc!$C$2:$C$301,L45)) | H45: =IF(G45="","",IF(G45>=Q_BOA,"Boa",IF(G45>=Q_ATENCAO,"Atenção","Crítica"))) | K45: =IF(B45="","",IF($C$4="Maiores notas primeiro",LARGE(Calc!$K$2:$K$301,B45),SMALL(Calc!$K$2:$K$301,B45))) | L45: =IF(B45="","",MATCH(K45,Calc!$K$2:$K$301,0))
B46: =IF(39<=COUNT(Calc!$K$2:$K$301),39,"") | C46: =IF(B46="","",INDEX(Calc!$B$2:$B$301,L46)) | D46: =IF(B46="","",INDEX(Calc!$E$2:$E$301,L46)) | E46: =IF(B46="","",INDEX(Calc!$H$2:$H$301,L46)) | F46: =IF(B46="","",INDEX(Calc!$G$2:$G$301,L46)) | G46: =IF(B46="","",INDEX(Calc!$C$2:$C$301,L46)) | H46: =IF(G46="","",IF(G46>=Q_BOA,"Boa",IF(G46>=Q_ATENCAO,"Atenção","Crítica"))) | K46: =IF(B46="","",IF($C$4="Maiores notas primeiro",LARGE(Calc!$K$2:$K$301,B46),SMALL(Calc!$K$2:$K$301,B46))) | L46: =IF(B46="","",MATCH(K46,Calc!$K$2:$K$301,0))
B47: =IF(40<=COUNT(Calc!$K$2:$K$301),40,"") | C47: =IF(B47="","",INDEX(Calc!$B$2:$B$301,L47)) | D47: =IF(B47="","",INDEX(Calc!$E$2:$E$301,L47)) | E47: =IF(B47="","",INDEX(Calc!$H$2:$H$301,L47)) | F47: =IF(B47="","",INDEX(Calc!$G$2:$G$301,L47)) | G47: =IF(B47="","",INDEX(Calc!$C$2:$C$301,L47)) | H47: =IF(G47="","",IF(G47>=Q_BOA,"Boa",IF(G47>=Q_ATENCAO,"Atenção","Crítica"))) | K47: =IF(B47="","",IF($C$4="Maiores notas primeiro",LARGE(Calc!$K$2:$K$301,B47),SMALL(Calc!$K$2:$K$301,B47))) | L47: =IF(B47="","",MATCH(K47,Calc!$K$2:$K$301,0))
B48: =IF(41<=COUNT(Calc!$K$2:$K$301),41,"") | C48: =IF(B48="","",INDEX(Calc!$B$2:$B$301,L48)) | D48: =IF(B48="","",INDEX(Calc!$E$2:$E$301,L48)) | E48: =IF(B48="","",INDEX(Calc!$H$2:$H$301,L48)) | F48: =IF(B48="","",INDEX(Calc!$G$2:$G$301,L48)) | G48: =IF(B48="","",INDEX(Calc!$C$2:$C$301,L48)) | H48: =IF(G48="","",IF(G48>=Q_BOA,"Boa",IF(G48>=Q_ATENCAO,"Atenção","Crítica"))) | K48: =IF(B48="","",IF($C$4="Maiores notas primeiro",LARGE(Calc!$K$2:$K$301,B48),SMALL(Calc!$K$2:$K$301,B48))) | L48: =IF(B48="","",MATCH(K48,Calc!$K$2:$K$301,0))
B49: =IF(42<=COUNT(Calc!$K$2:$K$301),42,"") | C49: =IF(B49="","",INDEX(Calc!$B$2:$B$301,L49)) | D49: =IF(B49="","",INDEX(Calc!$E$2:$E$301,L49)) | E49: =IF(B49="","",INDEX(Calc!$H$2:$H$301,L49)) | F49: =IF(B49="","",INDEX(Calc!$G$2:$G$301,L49)) | G49: =IF(B49="","",INDEX(Calc!$C$2:$C$301,L49)) | H49: =IF(G49="","",IF(G49>=Q_BOA,"Boa",IF(G49>=Q_ATENCAO,"Atenção","Crítica"))) | K49: =IF(B49="","",IF($C$4="Maiores notas primeiro",LARGE(Calc!$K$2:$K$301,B49),SMALL(Calc!$K$2:$K$301,B49))) | L49: =IF(B49="","",MATCH(K49,Calc!$K$2:$K$301,0))
B50: =IF(43<=COUNT(Calc!$K$2:$K$301),43,"") | C50: =IF(B50="","",INDEX(Calc!$B$2:$B$301,L50)) | D50: =IF(B50="","",INDEX(Calc!$E$2:$E$301,L50)) | E50: =IF(B50="","",INDEX(Calc!$H$2:$H$301,L50)) | F50: =IF(B50="","",INDEX(Calc!$G$2:$G$301,L50)) | G50: =IF(B50="","",INDEX(Calc!$C$2:$C$301,L50)) | H50: =IF(G50="","",IF(G50>=Q_BOA,"Boa",IF(G50>=Q_ATENCAO,"Atenção","Crítica"))) | K50: =IF(B50="","",IF($C$4="Maiores notas primeiro",LARGE(Calc!$K$2:$K$301,B50),SMALL(Calc!$K$2:$K$301,B50))) | L50: =IF(B50="","",MATCH(K50,Calc!$K$2:$K$301,0))
B51: =IF(44<=COUNT(Calc!$K$2:$K$301),44,"") | C51: =IF(B51="","",INDEX(Calc!$B$2:$B$301,L51)) | D51: =IF(B51="","",INDEX(Calc!$E$2:$E$301,L51)) | E51: =IF(B51="","",INDEX(Calc!$H$2:$H$301,L51)) | F51: =IF(B51="","",INDEX(Calc!$G$2:$G$301,L51)) | G51: =IF(B51="","",INDEX(Calc!$C$2:$C$301,L51)) | H51: =IF(G51="","",IF(G51>=Q_BOA,"Boa",IF(G51>=Q_ATENCAO,"Atenção","Crítica"))) | K51: =IF(B51="","",IF($C$4="Maiores notas primeiro",LARGE(Calc!$K$2:$K$301,B51),SMALL(Calc!$K$2:$K$301,B51))) | L51: =IF(B51="","",MATCH(K51,Calc!$K$2:$K$301,0))
B52: =IF(45<=COUNT(Calc!$K$2:$K$301),45,"") | C52: =IF(B52="","",INDEX(Calc!$B$2:$B$301,L52)) | D52: =IF(B52="","",INDEX(Calc!$E$2:$E$301,L52)) | E52: =IF(B52="","",INDEX(Calc!$H$2:$H$301,L52)) | F52: =IF(B52="","",INDEX(Calc!$G$2:$G$301,L52)) | G52: =IF(B52="","",INDEX(Calc!$C$2:$C$301,L52)) | H52: =IF(G52="","",IF(G52>=Q_BOA,"Boa",IF(G52>=Q_ATENCAO,"Atenção","Crítica"))) | K52: =IF(B52="","",IF($C$4="Maiores notas primeiro",LARGE(Calc!$K$2:$K$301,B52),SMALL(Calc!$K$2:$K$301,B52))) | L52: =IF(B52="","",MATCH(K52,Calc!$K$2:$K$301,0))
B53: =IF(46<=COUNT(Calc!$K$2:$K$301),46,"") | C53: =IF(B53="","",INDEX(Calc!$B$2:$B$301,L53)) | D53: =IF(B53="","",INDEX(Calc!$E$2:$E$301,L53)) | E53: =IF(B53="","",INDEX(Calc!$H$2:$H$301,L53)) | F53: =IF(B53="","",INDEX(Calc!$G$2:$G$301,L53)) | G53: =IF(B53="","",INDEX(Calc!$C$2:$C$301,L53)) | H53: =IF(G53="","",IF(G53>=Q_BOA,"Boa",IF(G53>=Q_ATENCAO,"Atenção","Crítica"))) | K53: =IF(B53="","",IF($C$4="Maiores notas primeiro",LARGE(Calc!$K$2:$K$301,B53),SMALL(Calc!$K$2:$K$301,B53))) | L53: =IF(B53="","",MATCH(K53,Calc!$K$2:$K$301,0))
B54: =IF(47<=COUNT(Calc!$K$2:$K$301),47,"") | C54: =IF(B54="","",INDEX(Calc!$B$2:$B$301,L54)) | D54: =IF(B54="","",INDEX(Calc!$E$2:$E$301,L54)) | E54: =IF(B54="","",INDEX(Calc!$H$2:$H$301,L54)) | F54: =IF(B54="","",INDEX(Calc!$G$2:$G$301,L54)) | G54: =IF(B54="","",INDEX(Calc!$C$2:$C$301,L54)) | H54: =IF(G54="","",IF(G54>=Q_BOA,"Boa",IF(G54>=Q_ATENCAO,"Atenção","Crítica"))) | K54: =IF(B54="","",IF($C$4="Maiores notas primeiro",LARGE(Calc!$K$2:$K$301,B54),SMALL(Calc!$K$2:$K$301,B54))) | L54: =IF(B54="","",MATCH(K54,Calc!$K$2:$K$301,0))
B55: =IF(48<=COUNT(Calc!$K$2:$K$301),48,"") | C55: =IF(B55="","",INDEX(Calc!$B$2:$B$301,L55)) | D55: =IF(B55="","",INDEX(Calc!$E$2:$E$301,L55)) | E55: =IF(B55="","",INDEX(Calc!$H$2:$H$301,L55)) | F55: =IF(B55="","",INDEX(Calc!$G$2:$G$301,L55)) | G55: =IF(B55="","",INDEX(Calc!$C$2:$C$301,L55)) | H55: =IF(G55="","",IF(G55>=Q_BOA,"Boa",IF(G55>=Q_ATENCAO,"Atenção","Crítica"))) | K55: =IF(B55="","",IF($C$4="Maiores notas primeiro",LARGE(Calc!$K$2:$K$301,B55),SMALL(Calc!$K$2:$K$301,B55))) | L55: =IF(B55="","",MATCH(K55,Calc!$K$2:$K$301,0))
B56: =IF(49<=COUNT(Calc!$K$2:$K$301),49,"") | C56: =IF(B56="","",INDEX(Calc!$B$2:$B$301,L56)) | D56: =IF(B56="","",INDEX(Calc!$E$2:$E$301,L56)) | E56: =IF(B56="","",INDEX(Calc!$H$2:$H$301,L56)) | F56: =IF(B56="","",INDEX(Calc!$G$2:$G$301,L56)) | G56: =IF(B56="","",INDEX(Calc!$C$2:$C$301,L56)) | H56: =IF(G56="","",IF(G56>=Q_BOA,"Boa",IF(G56>=Q_ATENCAO,"Atenção","Crítica"))) | K56: =IF(B56="","",IF($C$4="Maiores notas primeiro",LARGE(Calc!$K$2:$K$301,B56),SMALL(Calc!$K$2:$K$301,B56))) | L56: =IF(B56="","",MATCH(K56,Calc!$K$2:$K$301,0))
B57: =IF(50<=COUNT(Calc!$K$2:$K$301),50,"") | C57: =IF(B57="","",INDEX(Calc!$B$2:$B$301,L57)) | D57: =IF(B57="","",INDEX(Calc!$E$2:$E$301,L57)) | E57: =IF(B57="","",INDEX(Calc!$H$2:$H$301,L57)) | F57: =IF(B57="","",INDEX(Calc!$G$2:$G$301,L57)) | G57: =IF(B57="","",INDEX(Calc!$C$2:$C$301,L57)) | H57: =IF(G57="","",IF(G57>=Q_BOA,"Boa",IF(G57>=Q_ATENCAO,"Atenção","Crítica"))) | K57: =IF(B57="","",IF($C$4="Maiores notas primeiro",LARGE(Calc!$K$2:$K$301,B57),SMALL(Calc!$K$2:$K$301,B57))) | L57: =IF(B57="","",MATCH(K57,Calc!$K$2:$K$301,0))
B58: =IF(51<=COUNT(Calc!$K$2:$K$301),51,"") | C58: =IF(B58="","",INDEX(Calc!$B$2:$B$301,L58)) | D58: =IF(B58="","",INDEX(Calc!$E$2:$E$301,L58)) | E58: =IF(B58="","",INDEX(Calc!$H$2:$H$301,L58)) | F58: =IF(B58="","",INDEX(Calc!$G$2:$G$301,L58)) | G58: =IF(B58="","",INDEX(Calc!$C$2:$C$301,L58)) | H58: =IF(G58="","",IF(G58>=Q_BOA,"Boa",IF(G58>=Q_ATENCAO,"Atenção","Crítica"))) | K58: =IF(B58="","",IF($C$4="Maiores notas primeiro",LARGE(Calc!$K$2:$K$301,B58),SMALL(Calc!$K$2:$K$301,B58))) | L58: =IF(B58="","",MATCH(K58,Calc!$K$2:$K$301,0))
B59: =IF(52<=COUNT(Calc!$K$2:$K$301),52,"") | C59: =IF(B59="","",INDEX(Calc!$B$2:$B$301,L59)) | D59: =IF(B59="","",INDEX(Calc!$E$2:$E$301,L59)) | E59: =IF(B59="","",INDEX(Calc!$H$2:$H$301,L59)) | F59: =IF(B59="","",INDEX(Calc!$G$2:$G$301,L59)) | G59: =IF(B59="","",INDEX(Calc!$C$2:$C$301,L59)) | H59: =IF(G59="","",IF(G59>=Q_BOA,"Boa",IF(G59>=Q_ATENCAO,"Atenção","Crítica"))) | K59: =IF(B59="","",IF($C$4="Maiores notas primeiro",LARGE(Calc!$K$2:$K$301,B59),SMALL(Calc!$K$2:$K$301,B59))) | L59: =IF(B59="","",MATCH(K59,Calc!$K$2:$K$301,0))
B60: =IF(53<=COUNT(Calc!$K$2:$K$301),53,"") | C60: =IF(B60="","",INDEX(Calc!$B$2:$B$301,L60)) | D60: =IF(B60="","",INDEX(Calc!$E$2:$E$301,L60)) | E60: =IF(B60="","",INDEX(Calc!$H$2:$H$301,L60)) | F60: =IF(B60="","",INDEX(Calc!$G$2:$G$301,L60)) | G60: =IF(B60="","",INDEX(Calc!$C$2:$C$301,L60)) | H60: =IF(G60="","",IF(G60>=Q_BOA,"Boa",IF(G60>=Q_ATENCAO,"Atenção","Crítica"))) | K60: =IF(B60="","",IF($C$4="Maiores notas primeiro",LARGE(Calc!$K$2:$K$301,B60),SMALL(Calc!$K$2:$K$301,B60))) | L60: =IF(B60="","",MATCH(K60,Calc!$K$2:$K$301,0))
B61: =IF(54<=COUNT(Calc!$K$2:$K$301),54,"") | C61: =IF(B61="","",INDEX(Calc!$B$2:$B$301,L61)) | D61: =IF(B61="","",INDEX(Calc!$E$2:$E$301,L61)) | E61: =IF(B61="","",INDEX(Calc!$H$2:$H$301,L61)) | F61: =IF(B61="","",INDEX(Calc!$G$2:$G$301,L61)) | G61: =IF(B61="","",INDEX(Calc!$C$2:$C$301,L61)) | H61: =IF(G61="","",IF(G61>=Q_BOA,"Boa",IF(G61>=Q_ATENCAO,"Atenção","Crítica"))) | K61: =IF(B61="","",IF($C$4="Maiores notas primeiro",LARGE(Calc!$K$2:$K$301,B61),SMALL(Calc!$K$2:$K$301,B61))) | L61: =IF(B61="","",MATCH(K61,Calc!$K$2:$K$301,0))
B62: =IF(55<=COUNT(Calc!$K$2:$K$301),55,"") | C62: =IF(B62="","",INDEX(Calc!$B$2:$B$301,L62)) | D62: =IF(B62="","",INDEX(Calc!$E$2:$E$301,L62)) | E62: =IF(B62="","",INDEX(Calc!$H$2:$H$301,L62)) | F62: =IF(B62="","",INDEX(Calc!$G$2:$G$301,L62)) | G62: =IF(B62="","",INDEX(Calc!$C$2:$C$301,L62)) | H62: =IF(G62="","",IF(G62>=Q_BOA,"Boa",IF(G62>=Q_ATENCAO,"Atenção","Crítica"))) | K62: =IF(B62="","",IF($C$4="Maiores notas primeiro",LARGE(Calc!$K$2:$K$301,B62),SMALL(Calc!$K$2:$K$301,B62))) | L62: =IF(B62="","",MATCH(K62,Calc!$K$2:$K$301,0))
B63: =IF(56<=COUNT(Calc!$K$2:$K$301),56,"") | C63: =IF(B63="","",INDEX(Calc!$B$2:$B$301,L63)) | D63: =IF(B63="","",INDEX(Calc!$E$2:$E$301,L63)) | E63: =IF(B63="","",INDEX(Calc!$H$2:$H$301,L63)) | F63: =IF(B63="","",INDEX(Calc!$G$2:$G$301,L63)) | G63: =IF(B63="","",INDEX(Calc!$C$2:$C$301,L63)) | H63: =IF(G63="","",IF(G63>=Q_BOA,"Boa",IF(G63>=Q_ATENCAO,"Atenção","Crítica"))) | K63: =IF(B63="","",IF($C$4="Maiores notas primeiro",LARGE(Calc!$K$2:$K$301,B63),SMALL(Calc!$K$2:$K$301,B63))) | L63: =IF(B63="","",MATCH(K63,Calc!$K$2:$K$301,0))
B64: =IF(57<=COUNT(Calc!$K$2:$K$301),57,"") | C64: =IF(B64="","",INDEX(Calc!$B$2:$B$301,L64)) | D64: =IF(B64="","",INDEX(Calc!$E$2:$E$301,L64)) | E64: =IF(B64="","",INDEX(Calc!$H$2:$H$301,L64)) | F64: =IF(B64="","",INDEX(Calc!$G$2:$G$301,L64)) | G64: =IF(B64="","",INDEX(Calc!$C$2:$C$301,L64)) | H64: =IF(G64="","",IF(G64>=Q_BOA,"Boa",IF(G64>=Q_ATENCAO,"Atenção","Crítica"))) | K64: =IF(B64="","",IF($C$4="Maiores notas primeiro",LARGE(Calc!$K$2:$K$301,B64),SMALL(Calc!$K$2:$K$301,B64))) | L64: =IF(B64="","",MATCH(K64,Calc!$K$2:$K$301,0))
B65: =IF(58<=COUNT(Calc!$K$2:$K$301),58,"") | C65: =IF(B65="","",INDEX(Calc!$B$2:$B$301,L65)) | D65: =IF(B65="","",INDEX(Calc!$E$2:$E$301,L65)) | E65: =IF(B65="","",INDEX(Calc!$H$2:$H$301,L65)) | F65: =IF(B65="","",INDEX(Calc!$G$2:$G$301,L65)) | G65: =IF(B65="","",INDEX(Calc!$C$2:$C$301,L65)) | H65: =IF(G65="","",IF(G65>=Q_BOA,"Boa",IF(G65>=Q_ATENCAO,"Atenção","Crítica"))) | K65: =IF(B65="","",IF($C$4="Maiores notas primeiro",LARGE(Calc!$K$2:$K$301,B65),SMALL(Calc!$K$2:$K$301,B65))) | L65: =IF(B65="","",MATCH(K65,Calc!$K$2:$K$301,0))
B66: =IF(59<=COUNT(Calc!$K$2:$K$301),59,"") | C66: =IF(B66="","",INDEX(Calc!$B$2:$B$301,L66)) | D66: =IF(B66="","",INDEX(Calc!$E$2:$E$301,L66)) | E66: =IF(B66="","",INDEX(Calc!$H$2:$H$301,L66)) | F66: =IF(B66="","",INDEX(Calc!$G$2:$G$301,L66)) | G66: =IF(B66="","",INDEX(Calc!$C$2:$C$301,L66)) | H66: =IF(G66="","",IF(G66>=Q_BOA,"Boa",IF(G66>=Q_ATENCAO,"Atenção","Crítica"))) | K66: =IF(B66="","",IF($C$4="Maiores notas primeiro",LARGE(Calc!$K$2:$K$301,B66),SMALL(Calc!$K$2:$K$301,B66))) | L66: =IF(B66="","",MATCH(K66,Calc!$K$2:$K$301,0))
B67: =IF(60<=COUNT(Calc!$K$2:$K$301),60,"") | C67: =IF(B67="","",INDEX(Calc!$B$2:$B$301,L67)) | D67: =IF(B67="","",INDEX(Calc!$E$2:$E$301,L67)) | E67: =IF(B67="","",INDEX(Calc!$H$2:$H$301,L67)) | F67: =IF(B67="","",INDEX(Calc!$G$2:$G$301,L67)) | G67: =IF(B67="","",INDEX(Calc!$C$2:$C$301,L67)) | H67: =IF(G67="","",IF(G67>=Q_BOA,"Boa",IF(G67>=Q_ATENCAO,"Atenção","Crítica"))) | K67: =IF(B67="","",IF($C$4="Maiores notas primeiro",LARGE(Calc!$K$2:$K$301,B67),SMALL(Calc!$K$2:$K$301,B67))) | L67: =IF(B67="","",MATCH(K67,Calc!$K$2:$K$301,0))
B68: =IF(61<=COUNT(Calc!$K$2:$K$301),61,"") | C68: =IF(B68="","",INDEX(Calc!$B$2:$B$301,L68)) | D68: =IF(B68="","",INDEX(Calc!$E$2:$E$301,L68)) | E68: =IF(B68="","",INDEX(Calc!$H$2:$H$301,L68)) | F68: =IF(B68="","",INDEX(Calc!$G$2:$G$301,L68)) | G68: =IF(B68="","",INDEX(Calc!$C$2:$C$301,L68)) | H68: =IF(G68="","",IF(G68>=Q_BOA,"Boa",IF(G68>=Q_ATENCAO,"Atenção","Crítica"))) | K68: =IF(B68="","",IF($C$4="Maiores notas primeiro",LARGE(Calc!$K$2:$K$301,B68),SMALL(Calc!$K$2:$K$301,B68))) | L68: =IF(B68="","",MATCH(K68,Calc!$K$2:$K$301,0))
B69: =IF(62<=COUNT(Calc!$K$2:$K$301),62,"") | C69: =IF(B69="","",INDEX(Calc!$B$2:$B$301,L69)) | D69: =IF(B69="","",INDEX(Calc!$E$2:$E$301,L69)) | E69: =IF(B69="","",INDEX(Calc!$H$2:$H$301,L69)) | F69: =IF(B69="","",INDEX(Calc!$G$2:$G$301,L69)) | G69: =IF(B69="","",INDEX(Calc!$C$2:$C$301,L69)) | H69: =IF(G69="","",IF(G69>=Q_BOA,"Boa",IF(G69>=Q_ATENCAO,"Atenção","Crítica"))) | K69: =IF(B69="","",IF($C$4="Maiores notas primeiro",LARGE(Calc!$K$2:$K$301,B69),SMALL(Calc!$K$2:$K$301,B69))) | L69: =IF(B69="","",MATCH(K69,Calc!$K$2:$K$301,0))
B70: =IF(63<=COUNT(Calc!$K$2:$K$301),63,"") | C70: =IF(B70="","",INDEX(Calc!$B$2:$B$301,L70)) | D70: =IF(B70="","",INDEX(Calc!$E$2:$E$301,L70)) | E70: =IF(B70="","",INDEX(Calc!$H$2:$H$301,L70)) | F70: =IF(B70="","",INDEX(Calc!$G$2:$G$301,L70)) | G70: =IF(B70="","",INDEX(Calc!$C$2:$C$301,L70)) | H70: =IF(G70="","",IF(G70>=Q_BOA,"Boa",IF(G70>=Q_ATENCAO,"Atenção","Crítica"))) | K70: =IF(B70="","",IF($C$4="Maiores notas primeiro",LARGE(Calc!$K$2:$K$301,B70),SMALL(Calc!$K$2:$K$301,B70))) | L70: =IF(B70="","",MATCH(K70,Calc!$K$2:$K$301,0))
B71: =IF(64<=COUNT(Calc!$K$2:$K$301),64,"") | C71: =IF(B71="","",INDEX(Calc!$B$2:$B$301,L71)) | D71: =IF(B71="","",INDEX(Calc!$E$2:$E$301,L71)) | E71: =IF(B71="","",INDEX(Calc!$H$2:$H$301,L71)) | F71: =IF(B71="","",INDEX(Calc!$G$2:$G$301,L71)) | G71: =IF(B71="","",INDEX(Calc!$C$2:$C$301,L71)) | H71: =IF(G71="","",IF(G71>=Q_BOA,"Boa",IF(G71>=Q_ATENCAO,"Atenção","Crítica"))) | K71: =IF(B71="","",IF($C$4="Maiores notas primeiro",LARGE(Calc!$K$2:$K$301,B71),SMALL(Calc!$K$2:$K$301,B71))) | L71: =IF(B71="","",MATCH(K71,Calc!$K$2:$K$301,0))
B72: =IF(65<=COUNT(Calc!$K$2:$K$301),65,"") | C72: =IF(B72="","",INDEX(Calc!$B$2:$B$301,L72)) | D72: =IF(B72="","",INDEX(Calc!$E$2:$E$301,L72)) | E72: =IF(B72="","",INDEX(Calc!$H$2:$H$301,L72)) | F72: =IF(B72="","",INDEX(Calc!$G$2:$G$301,L72)) | G72: =IF(B72="","",INDEX(Calc!$C$2:$C$301,L72)) | H72: =IF(G72="","",IF(G72>=Q_BOA,"Boa",IF(G72>=Q_ATENCAO,"Atenção","Crítica"))) | K72: =IF(B72="","",IF($C$4="Maiores notas primeiro",LARGE(Calc!$K$2:$K$301,B72),SMALL(Calc!$K$2:$K$301,B72))) | L72: =IF(B72="","",MATCH(K72,Calc!$K$2:$K$301,0))
B73: =IF(66<=COUNT(Calc!$K$2:$K$301),66,"") | C73: =IF(B73="","",INDEX(Calc!$B$2:$B$301,L73)) | D73: =IF(B73="","",INDEX(Calc!$E$2:$E$301,L73)) | E73: =IF(B73="","",INDEX(Calc!$H$2:$H$301,L73)) | F73: =IF(B73="","",INDEX(Calc!$G$2:$G$301,L73)) | G73: =IF(B73="","",INDEX(Calc!$C$2:$C$301,L73)) | H73: =IF(G73="","",IF(G73>=Q_BOA,"Boa",IF(G73>=Q_ATENCAO,"Atenção","Crítica"))) | K73: =IF(B73="","",IF($C$4="Maiores notas primeiro",LARGE(Calc!$K$2:$K$301,B73),SMALL(Calc!$K$2:$K$301,B73))) | L73: =IF(B73="","",MATCH(K73,Calc!$K$2:$K$301,0))
B74: =IF(67<=COUNT(Calc!$K$2:$K$301),67,"") | C74: =IF(B74="","",INDEX(Calc!$B$2:$B$301,L74)) | D74: =IF(B74="","",INDEX(Calc!$E$2:$E$301,L74)) | E74: =IF(B74="","",INDEX(Calc!$H$2:$H$301,L74)) | F74: =IF(B74="","",INDEX(Calc!$G$2:$G$301,L74)) | G74: =IF(B74="","",INDEX(Calc!$C$2:$C$301,L74)) | H74: =IF(G74="","",IF(G74>=Q_BOA,"Boa",IF(G74>=Q_ATENCAO,"Atenção","Crítica"))) | K74: =IF(B74="","",IF($C$4="Maiores notas primeiro",LARGE(Calc!$K$2:$K$301,B74),SMALL(Calc!$K$2:$K$301,B74))) | L74: =IF(B74="","",MATCH(K74,Calc!$K$2:$K$301,0))
B75: =IF(68<=COUNT(Calc!$K$2:$K$301),68,"") | C75: =IF(B75="","",INDEX(Calc!$B$2:$B$301,L75)) | D75: =IF(B75="","",INDEX(Calc!$E$2:$E$301,L75)) | E75: =IF(B75="","",INDEX(Calc!$H$2:$H$301,L75)) | F75: =IF(B75="","",INDEX(Calc!$G$2:$G$301,L75)) | G75: =IF(B75="","",INDEX(Calc!$C$2:$C$301,L75)) | H75: =IF(G75="","",IF(G75>=Q_BOA,"Boa",IF(G75>=Q_ATENCAO,"Atenção","Crítica"))) | K75: =IF(B75="","",IF($C$4="Maiores notas primeiro",LARGE(Calc!$K$2:$K$301,B75),SMALL(Calc!$K$2:$K$301,B75))) | L75: =IF(B75="","",MATCH(K75,Calc!$K$2:$K$301,0))
B76: =IF(69<=COUNT(Calc!$K$2:$K$301),69,"") | C76: =IF(B76="","",INDEX(Calc!$B$2:$B$301,L76)) | D76: =IF(B76="","",INDEX(Calc!$E$2:$E$301,L76)) | E76: =IF(B76="","",INDEX(Calc!$H$2:$H$301,L76)) | F76: =IF(B76="","",INDEX(Calc!$G$2:$G$301,L76)) | G76: =IF(B76="","",INDEX(Calc!$C$2:$C$301,L76)) | H76: =IF(G76="","",IF(G76>=Q_BOA,"Boa",IF(G76>=Q_ATENCAO,"Atenção","Crítica"))) | K76: =IF(B76="","",IF($C$4="Maiores notas primeiro",LARGE(Calc!$K$2:$K$301,B76),SMALL(Calc!$K$2:$K$301,B76))) | L76: =IF(B76="","",MATCH(K76,Calc!$K$2:$K$301,0))
B77: =IF(70<=COUNT(Calc!$K$2:$K$301),70,"") | C77: =IF(B77="","",INDEX(Calc!$B$2:$B$301,L77)) | D77: =IF(B77="","",INDEX(Calc!$E$2:$E$301,L77)) | E77: =IF(B77="","",INDEX(Calc!$H$2:$H$301,L77)) | F77: =IF(B77="","",INDEX(Calc!$G$2:$G$301,L77)) | G77: =IF(B77="","",INDEX(Calc!$C$2:$C$301,L77)) | H77: =IF(G77="","",IF(G77>=Q_BOA,"Boa",IF(G77>=Q_ATENCAO,"Atenção","Crítica"))) | K77: =IF(B77="","",IF($C$4="Maiores notas primeiro",LARGE(Calc!$K$2:$K$301,B77),SMALL(Calc!$K$2:$K$301,B77))) | L77: =IF(B77="","",MATCH(K77,Calc!$K$2:$K$301,0))
B78: =IF(71<=COUNT(Calc!$K$2:$K$301),71,"") | C78: =IF(B78="","",INDEX(Calc!$B$2:$B$301,L78)) | D78: =IF(B78="","",INDEX(Calc!$E$2:$E$301,L78)) | E78: =IF(B78="","",INDEX(Calc!$H$2:$H$301,L78)) | F78: =IF(B78="","",INDEX(Calc!$G$2:$G$301,L78)) | G78: =IF(B78="","",INDEX(Calc!$C$2:$C$301,L78)) | H78: =IF(G78="","",IF(G78>=Q_BOA,"Boa",IF(G78>=Q_ATENCAO,"Atenção","Crítica"))) | K78: =IF(B78="","",IF($C$4="Maiores notas primeiro",LARGE(Calc!$K$2:$K$301,B78),SMALL(Calc!$K$2:$K$301,B78))) | L78: =IF(B78="","",MATCH(K78,Calc!$K$2:$K$301,0))
B79: =IF(72<=COUNT(Calc!$K$2:$K$301),72,"") | C79: =IF(B79="","",INDEX(Calc!$B$2:$B$301,L79)) | D79: =IF(B79="","",INDEX(Calc!$E$2:$E$301,L79)) | E79: =IF(B79="","",INDEX(Calc!$H$2:$H$301,L79)) | F79: =IF(B79="","",INDEX(Calc!$G$2:$G$301,L79)) | G79: =IF(B79="","",INDEX(Calc!$C$2:$C$301,L79)) | H79: =IF(G79="","",IF(G79>=Q_BOA,"Boa",IF(G79>=Q_ATENCAO,"Atenção","Crítica"))) | K79: =IF(B79="","",IF($C$4="Maiores notas primeiro",LARGE(Calc!$K$2:$K$301,B79),SMALL(Calc!$K$2:$K$301,B79))) | L79: =IF(B79="","",MATCH(K79,Calc!$K$2:$K$301,0))
B80: =IF(73<=COUNT(Calc!$K$2:$K$301),73,"") | C80: =IF(B80="","",INDEX(Calc!$B$2:$B$301,L80)) | D80: =IF(B80="","",INDEX(Calc!$E$2:$E$301,L80)) | E80: =IF(B80="","",INDEX(Calc!$H$2:$H$301,L80)) | F80: =IF(B80="","",INDEX(Calc!$G$2:$G$301,L80)) | G80: =IF(B80="","",INDEX(Calc!$C$2:$C$301,L80)) | H80: =IF(G80="","",IF(G80>=Q_BOA,"Boa",IF(G80>=Q_ATENCAO,"Atenção","Crítica"))) | K80: =IF(B80="","",IF($C$4="Maiores notas primeiro",LARGE(Calc!$K$2:$K$301,B80),SMALL(Calc!$K$2:$K$301,B80))) | L80: =IF(B80="","",MATCH(K80,Calc!$K$2:$K$301,0))
B81: =IF(74<=COUNT(Calc!$K$2:$K$301),74,"") | C81: =IF(B81="","",INDEX(Calc!$B$2:$B$301,L81)) | D81: =IF(B81="","",INDEX(Calc!$E$2:$E$301,L81)) | E81: =IF(B81="","",INDEX(Calc!$H$2:$H$301,L81)) | F81: =IF(B81="","",INDEX(Calc!$G$2:$G$301,L81)) | G81: =IF(B81="","",INDEX(Calc!$C$2:$C$301,L81)) | H81: =IF(G81="","",IF(G81>=Q_BOA,"Boa",IF(G81>=Q_ATENCAO,"Atenção","Crítica"))) | K81: =IF(B81="","",IF($C$4="Maiores notas primeiro",LARGE(Calc!$K$2:$K$301,B81),SMALL(Calc!$K$2:$K$301,B81))) | L81: =IF(B81="","",MATCH(K81,Calc!$K$2:$K$301,0))
B82: =IF(75<=COUNT(Calc!$K$2:$K$301),75,"") | C82: =IF(B82="","",INDEX(Calc!$B$2:$B$301,L82)) | D82: =IF(B82="","",INDEX(Calc!$E$2:$E$301,L82)) | E82: =IF(B82="","",INDEX(Calc!$H$2:$H$301,L82)) | F82: =IF(B82="","",INDEX(Calc!$G$2:$G$301,L82)) | G82: =IF(B82="","",INDEX(Calc!$C$2:$C$301,L82)) | H82: =IF(G82="","",IF(G82>=Q_BOA,"Boa",IF(G82>=Q_ATENCAO,"Atenção","Crítica"))) | K82: =IF(B82="","",IF($C$4="Maiores notas primeiro",LARGE(Calc!$K$2:$K$301,B82),SMALL(Calc!$K$2:$K$301,B82))) | L82: =IF(B82="","",MATCH(K82,Calc!$K$2:$K$301,0))
B83: =IF(76<=COUNT(Calc!$K$2:$K$301),76,"") | C83: =IF(B83="","",INDEX(Calc!$B$2:$B$301,L83)) | D83: =IF(B83="","",INDEX(Calc!$E$2:$E$301,L83)) | E83: =IF(B83="","",INDEX(Calc!$H$2:$H$301,L83)) | F83: =IF(B83="","",INDEX(Calc!$G$2:$G$301,L83)) | G83: =IF(B83="","",INDEX(Calc!$C$2:$C$301,L83)) | H83: =IF(G83="","",IF(G83>=Q_BOA,"Boa",IF(G83>=Q_ATENCAO,"Atenção","Crítica"))) | K83: =IF(B83="","",IF($C$4="Maiores notas primeiro",LARGE(Calc!$K$2:$K$301,B83),SMALL(Calc!$K$2:$K$301,B83))) | L83: =IF(B83="","",MATCH(K83,Calc!$K$2:$K$301,0))
B84: =IF(77<=COUNT(Calc!$K$2:$K$301),77,"") | C84: =IF(B84="","",INDEX(Calc!$B$2:$B$301,L84)) | D84: =IF(B84="","",INDEX(Calc!$E$2:$E$301,L84)) | E84: =IF(B84="","",INDEX(Calc!$H$2:$H$301,L84)) | F84: =IF(B84="","",INDEX(Calc!$G$2:$G$301,L84)) | G84: =IF(B84="","",INDEX(Calc!$C$2:$C$301,L84)) | H84: =IF(G84="","",IF(G84>=Q_BOA,"Boa",IF(G84>=Q_ATENCAO,"Atenção","Crítica"))) | K84: =IF(B84="","",IF($C$4="Maiores notas primeiro",LARGE(Calc!$K$2:$K$301,B84),SMALL(Calc!$K$2:$K$301,B84))) | L84: =IF(B84="","",MATCH(K84,Calc!$K$2:$K$301,0))
B85: =IF(78<=COUNT(Calc!$K$2:$K$301),78,"") | C85: =IF(B85="","",INDEX(Calc!$B$2:$B$301,L85)) | D85: =IF(B85="","",INDEX(Calc!$E$2:$E$301,L85)) | E85: =IF(B85="","",INDEX(Calc!$H$2:$H$301,L85)) | F85: =IF(B85="","",INDEX(Calc!$G$2:$G$301,L85)) | G85: =IF(B85="","",INDEX(Calc!$C$2:$C$301,L85)) | H85: =IF(G85="","",IF(G85>=Q_BOA,"Boa",IF(G85>=Q_ATENCAO,"Atenção","Crítica"))) | K85: =IF(B85="","",IF($C$4="Maiores notas primeiro",LARGE(Calc!$K$2:$K$301,B85),SMALL(Calc!$K$2:$K$301,B85))) | L85: =IF(B85="","",MATCH(K85,Calc!$K$2:$K$301,0))
B86: =IF(79<=COUNT(Calc!$K$2:$K$301),79,"") | C86: =IF(B86="","",INDEX(Calc!$B$2:$B$301,L86)) | D86: =IF(B86="","",INDEX(Calc!$E$2:$E$301,L86)) | E86: =IF(B86="","",INDEX(Calc!$H$2:$H$301,L86)) | F86: =IF(B86="","",INDEX(Calc!$G$2:$G$301,L86)) | G86: =IF(B86="","",INDEX(Calc!$C$2:$C$301,L86)) | H86: =IF(G86="","",IF(G86>=Q_BOA,"Boa",IF(G86>=Q_ATENCAO,"Atenção","Crítica"))) | K86: =IF(B86="","",IF($C$4="Maiores notas primeiro",LARGE(Calc!$K$2:$K$301,B86),SMALL(Calc!$K$2:$K$301,B86))) | L86: =IF(B86="","",MATCH(K86,Calc!$K$2:$K$301,0))
B87: =IF(80<=COUNT(Calc!$K$2:$K$301),80,"") | C87: =IF(B87="","",INDEX(Calc!$B$2:$B$301,L87)) | D87: =IF(B87="","",INDEX(Calc!$E$2:$E$301,L87)) | E87: =IF(B87="","",INDEX(Calc!$H$2:$H$301,L87)) | F87: =IF(B87="","",INDEX(Calc!$G$2:$G$301,L87)) | G87: =IF(B87="","",INDEX(Calc!$C$2:$C$301,L87)) | H87: =IF(G87="","",IF(G87>=Q_BOA,"Boa",IF(G87>=Q_ATENCAO,"Atenção","Crítica"))) | K87: =IF(B87="","",IF($C$4="Maiores notas primeiro",LARGE(Calc!$K$2:$K$301,B87),SMALL(Calc!$K$2:$K$301,B87))) | L87: =IF(B87="","",MATCH(K87,Calc!$K$2:$K$301,0))
B88: =IF(81<=COUNT(Calc!$K$2:$K$301),81,"") | C88: =IF(B88="","",INDEX(Calc!$B$2:$B$301,L88)) | D88: =IF(B88="","",INDEX(Calc!$E$2:$E$301,L88)) | E88: =IF(B88="","",INDEX(Calc!$H$2:$H$301,L88)) | F88: =IF(B88="","",INDEX(Calc!$G$2:$G$301,L88)) | G88: =IF(B88="","",INDEX(Calc!$C$2:$C$301,L88)) | H88: =IF(G88="","",IF(G88>=Q_BOA,"Boa",IF(G88>=Q_ATENCAO,"Atenção","Crítica"))) | K88: =IF(B88="","",IF($C$4="Maiores notas primeiro",LARGE(Calc!$K$2:$K$301,B88),SMALL(Calc!$K$2:$K$301,B88))) | L88: =IF(B88="","",MATCH(K88,Calc!$K$2:$K$301,0))
B89: =IF(82<=COUNT(Calc!$K$2:$K$301),82,"") | C89: =IF(B89="","",INDEX(Calc!$B$2:$B$301,L89)) | D89: =IF(B89="","",INDEX(Calc!$E$2:$E$301,L89)) | E89: =IF(B89="","",INDEX(Calc!$H$2:$H$301,L89)) | F89: =IF(B89="","",INDEX(Calc!$G$2:$G$301,L89)) | G89: =IF(B89="","",INDEX(Calc!$C$2:$C$301,L89)) | H89: =IF(G89="","",IF(G89>=Q_BOA,"Boa",IF(G89>=Q_ATENCAO,"Atenção","Crítica"))) | K89: =IF(B89="","",IF($C$4="Maiores notas primeiro",LARGE(Calc!$K$2:$K$301,B89),SMALL(Calc!$K$2:$K$301,B89))) | L89: =IF(B89="","",MATCH(K89,Calc!$K$2:$K$301,0))
B90: =IF(83<=COUNT(Calc!$K$2:$K$301),83,"") | C90: =IF(B90="","",INDEX(Calc!$B$2:$B$301,L90)) | D90: =IF(B90="","",INDEX(Calc!$E$2:$E$301,L90)) | E90: =IF(B90="","",INDEX(Calc!$H$2:$H$301,L90)) | F90: =IF(B90="","",INDEX(Calc!$G$2:$G$301,L90)) | G90: =IF(B90="","",INDEX(Calc!$C$2:$C$301,L90)) | H90: =IF(G90="","",IF(G90>=Q_BOA,"Boa",IF(G90>=Q_ATENCAO,"Atenção","Crítica"))) | K90: =IF(B90="","",IF($C$4="Maiores notas primeiro",LARGE(Calc!$K$2:$K$301,B90),SMALL(Calc!$K$2:$K$301,B90))) | L90: =IF(B90="","",MATCH(K90,Calc!$K$2:$K$301,0))
B91: =IF(84<=COUNT(Calc!$K$2:$K$301),84,"") | C91: =IF(B91="","",INDEX(Calc!$B$2:$B$301,L91)) | D91: =IF(B91="","",INDEX(Calc!$E$2:$E$301,L91)) | E91: =IF(B91="","",INDEX(Calc!$H$2:$H$301,L91)) | F91: =IF(B91="","",INDEX(Calc!$G$2:$G$301,L91)) | G91: =IF(B91="","",INDEX(Calc!$C$2:$C$301,L91)) | H91: =IF(G91="","",IF(G91>=Q_BOA,"Boa",IF(G91>=Q_ATENCAO,"Atenção","Crítica"))) | K91: =IF(B91="","",IF($C$4="Maiores notas primeiro",LARGE(Calc!$K$2:$K$301,B91),SMALL(Calc!$K$2:$K$301,B91))) | L91: =IF(B91="","",MATCH(K91,Calc!$K$2:$K$301,0))
B92: =IF(85<=COUNT(Calc!$K$2:$K$301),85,"") | C92: =IF(B92="","",INDEX(Calc!$B$2:$B$301,L92)) | D92: =IF(B92="","",INDEX(Calc!$E$2:$E$301,L92)) | E92: =IF(B92="","",INDEX(Calc!$H$2:$H$301,L92)) | F92: =IF(B92="","",INDEX(Calc!$G$2:$G$301,L92)) | G92: =IF(B92="","",INDEX(Calc!$C$2:$C$301,L92)) | H92: =IF(G92="","",IF(G92>=Q_BOA,"Boa",IF(G92>=Q_ATENCAO,"Atenção","Crítica"))) | K92: =IF(B92="","",IF($C$4="Maiores notas primeiro",LARGE(Calc!$K$2:$K$301,B92),SMALL(Calc!$K$2:$K$301,B92))) | L92: =IF(B92="","",MATCH(K92,Calc!$K$2:$K$301,0))
B93: =IF(86<=COUNT(Calc!$K$2:$K$301),86,"") | C93: =IF(B93="","",INDEX(Calc!$B$2:$B$301,L93)) | D93: =IF(B93="","",INDEX(Calc!$E$2:$E$301,L93)) | E93: =IF(B93="","",INDEX(Calc!$H$2:$H$301,L93)) | F93: =IF(B93="","",INDEX(Calc!$G$2:$G$301,L93)) | G93: =IF(B93="","",INDEX(Calc!$C$2:$C$301,L93)) | H93: =IF(G93="","",IF(G93>=Q_BOA,"Boa",IF(G93>=Q_ATENCAO,"Atenção","Crítica"))) | K93: =IF(B93="","",IF($C$4="Maiores notas primeiro",LARGE(Calc!$K$2:$K$301,B93),SMALL(Calc!$K$2:$K$301,B93))) | L93: =IF(B93="","",MATCH(K93,Calc!$K$2:$K$301,0))
B94: =IF(87<=COUNT(Calc!$K$2:$K$301),87,"") | C94: =IF(B94="","",INDEX(Calc!$B$2:$B$301,L94)) | D94: =IF(B94="","",INDEX(Calc!$E$2:$E$301,L94)) | E94: =IF(B94="","",INDEX(Calc!$H$2:$H$301,L94)) | F94: =IF(B94="","",INDEX(Calc!$G$2:$G$301,L94)) | G94: =IF(B94="","",INDEX(Calc!$C$2:$C$301,L94)) | H94: =IF(G94="","",IF(G94>=Q_BOA,"Boa",IF(G94>=Q_ATENCAO,"Atenção","Crítica"))) | K94: =IF(B94="","",IF($C$4="Maiores notas primeiro",LARGE(Calc!$K$2:$K$301,B94),SMALL(Calc!$K$2:$K$301,B94))) | L94: =IF(B94="","",MATCH(K94,Calc!$K$2:$K$301,0))
B95: =IF(88<=COUNT(Calc!$K$2:$K$301),88,"") | C95: =IF(B95="","",INDEX(Calc!$B$2:$B$301,L95)) | D95: =IF(B95="","",INDEX(Calc!$E$2:$E$301,L95)) | E95: =IF(B95="","",INDEX(Calc!$H$2:$H$301,L95)) | F95: =IF(B95="","",INDEX(Calc!$G$2:$G$301,L95)) | G95: =IF(B95="","",INDEX(Calc!$C$2:$C$301,L95)) | H95: =IF(G95="","",IF(G95>=Q_BOA,"Boa",IF(G95>=Q_ATENCAO,"Atenção","Crítica"))) | K95: =IF(B95="","",IF($C$4="Maiores notas primeiro",LARGE(Calc!$K$2:$K$301,B95),SMALL(Calc!$K$2:$K$301,B95))) | L95: =IF(B95="","",MATCH(K95,Calc!$K$2:$K$301,0))
B96: =IF(89<=COUNT(Calc!$K$2:$K$301),89,"") | C96: =IF(B96="","",INDEX(Calc!$B$2:$B$301,L96)) | D96: =IF(B96="","",INDEX(Calc!$E$2:$E$301,L96)) | E96: =IF(B96="","",INDEX(Calc!$H$2:$H$301,L96)) | F96: =IF(B96="","",INDEX(Calc!$G$2:$G$301,L96)) | G96: =IF(B96="","",INDEX(Calc!$C$2:$C$301,L96)) | H96: =IF(G96="","",IF(G96>=Q_BOA,"Boa",IF(G96>=Q_ATENCAO,"Atenção","Crítica"))) | K96: =IF(B96="","",IF($C$4="Maiores notas primeiro",LARGE(Calc!$K$2:$K$301,B96),SMALL(Calc!$K$2:$K$301,B96))) | L96: =IF(B96="","",MATCH(K96,Calc!$K$2:$K$301,0))
B97: =IF(90<=COUNT(Calc!$K$2:$K$301),90,"") | C97: =IF(B97="","",INDEX(Calc!$B$2:$B$301,L97)) | D97: =IF(B97="","",INDEX(Calc!$E$2:$E$301,L97)) | E97: =IF(B97="","",INDEX(Calc!$H$2:$H$301,L97)) | F97: =IF(B97="","",INDEX(Calc!$G$2:$G$301,L97)) | G97: =IF(B97="","",INDEX(Calc!$C$2:$C$301,L97)) | H97: =IF(G97="","",IF(G97>=Q_BOA,"Boa",IF(G97>=Q_ATENCAO,"Atenção","Crítica"))) | K97: =IF(B97="","",IF($C$4="Maiores notas primeiro",LARGE(Calc!$K$2:$K$301,B97),SMALL(Calc!$K$2:$K$301,B97))) | L97: =IF(B97="","",MATCH(K97,Calc!$K$2:$K$301,0))
B98: =IF(91<=COUNT(Calc!$K$2:$K$301),91,"") | C98: =IF(B98="","",INDEX(Calc!$B$2:$B$301,L98)) | D98: =IF(B98="","",INDEX(Calc!$E$2:$E$301,L98)) | E98: =IF(B98="","",INDEX(Calc!$H$2:$H$301,L98)) | F98: =IF(B98="","",INDEX(Calc!$G$2:$G$301,L98)) | G98: =IF(B98="","",INDEX(Calc!$C$2:$C$301,L98)) | H98: =IF(G98="","",IF(G98>=Q_BOA,"Boa",IF(G98>=Q_ATENCAO,"Atenção","Crítica"))) | K98: =IF(B98="","",IF($C$4="Maiores notas primeiro",LARGE(Calc!$K$2:$K$301,B98),SMALL(Calc!$K$2:$K$301,B98))) | L98: =IF(B98="","",MATCH(K98,Calc!$K$2:$K$301,0))
B99: =IF(92<=COUNT(Calc!$K$2:$K$301),92,"") | C99: =IF(B99="","",INDEX(Calc!$B$2:$B$301,L99)) | D99: =IF(B99="","",INDEX(Calc!$E$2:$E$301,L99)) | E99: =IF(B99="","",INDEX(Calc!$H$2:$H$301,L99)) | F99: =IF(B99="","",INDEX(Calc!$G$2:$G$301,L99)) | G99: =IF(B99="","",INDEX(Calc!$C$2:$C$301,L99)) | H99: =IF(G99="","",IF(G99>=Q_BOA,"Boa",IF(G99>=Q_ATENCAO,"Atenção","Crítica"))) | K99: =IF(B99="","",IF($C$4="Maiores notas primeiro",LARGE(Calc!$K$2:$K$301,B99),SMALL(Calc!$K$2:$K$301,B99))) | L99: =IF(B99="","",MATCH(K99,Calc!$K$2:$K$301,0))
B100: =IF(93<=COUNT(Calc!$K$2:$K$301),93,"") | C100: =IF(B100="","",INDEX(Calc!$B$2:$B$301,L100)) | D100: =IF(B100="","",INDEX(Calc!$E$2:$E$301,L100)) | E100: =IF(B100="","",INDEX(Calc!$H$2:$H$301,L100)) | F100: =IF(B100="","",INDEX(Calc!$G$2:$G$301,L100)) | G100: =IF(B100="","",INDEX(Calc!$C$2:$C$301,L100)) | H100: =IF(G100="","",IF(G100>=Q_BOA,"Boa",IF(G100>=Q_ATENCAO,"Atenção","Crítica"))) | K100: =IF(B100="","",IF($C$4="Maiores notas primeiro",LARGE(Calc!$K$2:$K$301,B100),SMALL(Calc!$K$2:$K$301,B100))) | L100: =IF(B100="","",MATCH(K100,Calc!$K$2:$K$301,0))
B101: =IF(94<=COUNT(Calc!$K$2:$K$301),94,"") | C101: =IF(B101="","",INDEX(Calc!$B$2:$B$301,L101)) | D101: =IF(B101="","",INDEX(Calc!$E$2:$E$301,L101)) | E101: =IF(B101="","",INDEX(Calc!$H$2:$H$301,L101)) | F101: =IF(B101="","",INDEX(Calc!$G$2:$G$301,L101)) | G101: =IF(B101="","",INDEX(Calc!$C$2:$C$301,L101)) | H101: =IF(G101="","",IF(G101>=Q_BOA,"Boa",IF(G101>=Q_ATENCAO,"Atenção","Crítica"))) | K101: =IF(B101="","",IF($C$4="Maiores notas primeiro",LARGE(Calc!$K$2:$K$301,B101),SMALL(Calc!$K$2:$K$301,B101))) | L101: =IF(B101="","",MATCH(K101,Calc!$K$2:$K$301,0))
...

Sheet Calc
A1: # | B1: Escola | C1: Nota | D1: Avaliações | E1: Tipo | F1: Tam. cidade | G1: UF | H1: Região | I1: Localização | K1: Chave filtro | M1: # | N1: Curso | O1: Escola | P1: Nota | Q1: Rótulo | R1: Chave | T1: Nota | U1: Escolas
A2: 1 | B2: =IF(A2>ROWS(avaliacoes_qualidade[escola]),"",INDEX(avaliacoes_qualidade[escola],A2)) | C2: =IF(B2="","",INDEX(avaliacoes_qualidade[Nota média],A2)) | D2: =IF(B2="","",INDEX(avaliacoes_qualidade[Avaliações],A2)) | E2: =IF(B2="","",IFERROR(INDEX(escolas[Column1.tipo],MATCH(B2,escolas[Column1.nome],0)),"—")) | F2: =IF(B2="","",SUMPRODUCT(MAX((RIGHT(B2,LEN(enderecos_escolas[cidade])+1)=" "&enderecos_escolas[cidade])*LEN(enderecos_escolas[cidade])))) | G2: =IF(B2="","",IFERROR(INDEX(enderecos_escolas[estado],MATCH(1,INDEX((RIGHT(B2,LEN(enderecos_escolas[cidade])+1)=" "&enderecos_escolas[cidade])*(LEN(enderecos_escolas[cidade])=F2),0),0)),"—")) | H2: =IF(B2="","",IFERROR(VLOOKUP(G2,'Parâmetros'!$A$5:$B$31,2,FALSE),"Não localizada")) | I2: =IF(B2="","",IFERROR(INDEX(enderecos_escolas[tipoLocalizacao],MATCH(1,INDEX((RIGHT(B2,LEN(enderecos_escolas[cidade])+1)=" "&enderecos_escolas[cidade])*(LEN(enderecos_escolas[cidade])=F2),0),0)),"—")) | K2: =IF(C2="","",IF(AND(OR('Ranking Escolas'!$F$4="Todas",H2='Ranking Escolas'!$F$4),OR('Ranking Escolas'!$I$4="Todos",E2='Ranking Escolas'!$I$4)),C2+(1000-A2)/10000000,"")) | M2: 1 | N2: =IF(M2>ROWS(avaliacoes_cursos[curso]),"",INDEX(avaliacoes_cursos[curso],M2)) | O2: =IF(N2="","",INDEX(avaliacoes_cursos[escola],M2)) | P2: =IF(N2="","",INDEX(avaliacoes_cursos[Nota média],M2)) | Q2: =IF(N2="","",IF(COUNTIF(avaliacoes_cursos[curso],N2)>1,N2&" — "&O2,N2)) | R2: =IF(P2="","",P2+(1000-M2)/10000000) | T2: 1 | U2: =COUNTIFS($C$2:$C$301,">="&1-0.5,$C$2:$C$301,"<"&1+0.5)
A3: 2 | B3: =IF(A3>ROWS(avaliacoes_qualidade[escola]),"",INDEX(avaliacoes_qualidade[escola],A3)) | C3: =IF(B3="","",INDEX(avaliacoes_qualidade[Nota média],A3)) | D3: =IF(B3="","",INDEX(avaliacoes_qualidade[Avaliações],A3)) | E3: =IF(B3="","",IFERROR(INDEX(escolas[Column1.tipo],MATCH(B3,escolas[Column1.nome],0)),"—")) | F3: =IF(B3="","",SUMPRODUCT(MAX((RIGHT(B3,LEN(enderecos_escolas[cidade])+1)=" "&enderecos_escolas[cidade])*LEN(enderecos_escolas[cidade])))) | G3: =IF(B3="","",IFERROR(INDEX(enderecos_escolas[estado],MATCH(1,INDEX((RIGHT(B3,LEN(enderecos_escolas[cidade])+1)=" "&enderecos_escolas[cidade])*(LEN(enderecos_escolas[cidade])=F3),0),0)),"—")) | H3: =IF(B3="","",IFERROR(VLOOKUP(G3,'Parâmetros'!$A$5:$B$31,2,FALSE),"Não localizada")) | I3: =IF(B3="","",IFERROR(INDEX(enderecos_escolas[tipoLocalizacao],MATCH(1,INDEX((RIGHT(B3,LEN(enderecos_escolas[cidade])+1)=" "&enderecos_escolas[cidade])*(LEN(enderecos_escolas[cidade])=F3),0),0)),"—")) | K3: =IF(C3="","",IF(AND(OR('Ranking Escolas'!$F$4="Todas",H3='Ranking Escolas'!$F$4),OR('Ranking Escolas'!$I$4="Todos",E3='Ranking Escolas'!$I$4)),C3+(1000-A3)/10000000,"")) | M3: 2 | N3: =IF(M3>ROWS(avaliacoes_cursos[curso]),"",INDEX(avaliacoes_cursos[curso],M3)) | O3: =IF(N3="","",INDEX(avaliacoes_cursos[escola],M3)) | P3: =IF(N3="","",INDEX(avaliacoes_cursos[Nota média],M3)) | Q3: =IF(N3="","",IF(COUNTIF(avaliacoes_cursos[curso],N3)>1,N3&" — "&O3,N3)) | R3: =IF(P3="","",P3+(1000-M3)/10000000) | T3: 2 | U3: =COUNTIFS($C$2:$C$301,">="&2-0.5,$C$2:$C$301,"<"&2+0.5)
A4: 3 | B4: =IF(A4>ROWS(avaliacoes_qualidade[escola]),"",INDEX(avaliacoes_qualidade[escola],A4)) | C4: =IF(B4="","",INDEX(avaliacoes_qualidade[Nota média],A4)) | D4: =IF(B4="","",INDEX(avaliacoes_qualidade[Avaliações],A4)) | E4: =IF(B4="","",IFERROR(INDEX(escolas[Column1.tipo],MATCH(B4,escolas[Column1.nome],0)),"—")) | F4: =IF(B4="","",SUMPRODUCT(MAX((RIGHT(B4,LEN(enderecos_escolas[cidade])+1)=" "&enderecos_escolas[cidade])*LEN(enderecos_escolas[cidade])))) | G4: =IF(B4="","",IFERROR(INDEX(enderecos_escolas[estado],MATCH(1,INDEX((RIGHT(B4,LEN(enderecos_escolas[cidade])+1)=" "&enderecos_escolas[cidade])*(LEN(enderecos_escolas[cidade])=F4),0),0)),"—")) | H4: =IF(B4="","",IFERROR(VLOOKUP(G4,'Parâmetros'!$A$5:$B$31,2,FALSE),"Não localizada")) | I4: =IF(B4="","",IFERROR(INDEX(enderecos_escolas[tipoLocalizacao],MATCH(1,INDEX((RIGHT(B4,LEN(enderecos_escolas[cidade])+1)=" "&enderecos_escolas[cidade])*(LEN(enderecos_escolas[cidade])=F4),0),0)),"—")) | K4: =IF(C4="","",IF(AND(OR('Ranking Escolas'!$F$4="Todas",H4='Ranking Escolas'!$F$4),OR('Ranking Escolas'!$I$4="Todos",E4='Ranking Escolas'!$I$4)),C4+(1000-A4)/10000000,"")) | M4: 3 | N4: =IF(M4>ROWS(avaliacoes_cursos[curso]),"",INDEX(avaliacoes_cursos[curso],M4)) | O4: =IF(N4="","",INDEX(avaliacoes_cursos[escola],M4)) | P4: =IF(N4="","",INDEX(avaliacoes_cursos[Nota média],M4)) | Q4: =IF(N4="","",IF(COUNTIF(avaliacoes_cursos[curso],N4)>1,N4&" — "&O4,N4)) | R4: =IF(P4="","",P4+(1000-M4)/10000000) | T4: 3 | U4: =COUNTIFS($C$2:$C$301,">="&3-0.5,$C$2:$C$301,"<"&3+0.5)
A5: 4 | B5: =IF(A5>ROWS(avaliacoes_qualidade[escola]),"",INDEX(avaliacoes_qualidade[escola],A5)) | C5: =IF(B5="","",INDEX(avaliacoes_qualidade[Nota média],A5)) | D5: =IF(B5="","",INDEX(avaliacoes_qualidade[Avaliações],A5)) | E5: =IF(B5="","",IFERROR(INDEX(escolas[Column1.tipo],MATCH(B5,escolas[Column1.nome],0)),"—")) | F5: =IF(B5="","",SUMPRODUCT(MAX((RIGHT(B5,LEN(enderecos_escolas[cidade])+1)=" "&enderecos_escolas[cidade])*LEN(enderecos_escolas[cidade])))) | G5: =IF(B5="","",IFERROR(INDEX(enderecos_escolas[estado],MATCH(1,INDEX((RIGHT(B5,LEN(enderecos_escolas[cidade])+1)=" "&enderecos_escolas[cidade])*(LEN(enderecos_escolas[cidade])=F5),0),0)),"—")) | H5: =IF(B5="","",IFERROR(VLOOKUP(G5,'Parâmetros'!$A$5:$B$31,2,FALSE),"Não localizada")) | I5: =IF(B5="","",IFERROR(INDEX(enderecos_escolas[tipoLocalizacao],MATCH(1,INDEX((RIGHT(B5,LEN(enderecos_escolas[cidade])+1)=" "&enderecos_escolas[cidade])*(LEN(enderecos_escolas[cidade])=F5),0),0)),"—")) | K5: =IF(C5="","",IF(AND(OR('Ranking Escolas'!$F$4="Todas",H5='Ranking Escolas'!$F$4),OR('Ranking Escolas'!$I$4="Todos",E5='Ranking Escolas'!$I$4)),C5+(1000-A5)/10000000,"")) | M5: 4 | N5: =IF(M5>ROWS(avaliacoes_cursos[curso]),"",INDEX(avaliacoes_cursos[curso],M5)) | O5: =IF(N5="","",INDEX(avaliacoes_cursos[escola],M5)) | P5: =IF(N5="","",INDEX(avaliacoes_cursos[Nota média],M5)) | Q5: =IF(N5="","",IF(COUNTIF(avaliacoes_cursos[curso],N5)>1,N5&" — "&O5,N5)) | R5: =IF(P5="","",P5+(1000-M5)/10000000) | T5: 4 | U5: =COUNTIFS($C$2:$C$301,">="&4-0.5,$C$2:$C$301,"<"&4+0.5)
A6: 5 | B6: =IF(A6>ROWS(avaliacoes_qualidade[escola]),"",INDEX(avaliacoes_qualidade[escola],A6)) | C6: =IF(B6="","",INDEX(avaliacoes_qualidade[Nota média],A6)) | D6: =IF(B6="","",INDEX(avaliacoes_qualidade[Avaliações],A6)) | E6: =IF(B6="","",IFERROR(INDEX(escolas[Column1.tipo],MATCH(B6,escolas[Column1.nome],0)),"—")) | F6: =IF(B6="","",SUMPRODUCT(MAX((RIGHT(B6,LEN(enderecos_escolas[cidade])+1)=" "&enderecos_escolas[cidade])*LEN(enderecos_escolas[cidade])))) | G6: =IF(B6="","",IFERROR(INDEX(enderecos_escolas[estado],MATCH(1,INDEX((RIGHT(B6,LEN(enderecos_escolas[cidade])+1)=" "&enderecos_escolas[cidade])*(LEN(enderecos_escolas[cidade])=F6),0),0)),"—")) | H6: =IF(B6="","",IFERROR(VLOOKUP(G6,'Parâmetros'!$A$5:$B$31,2,FALSE),"Não localizada")) | I6: =IF(B6="","",IFERROR(INDEX(enderecos_escolas[tipoLocalizacao],MATCH(1,INDEX((RIGHT(B6,LEN(enderecos_escolas[cidade])+1)=" "&enderecos_escolas[cidade])*(LEN(enderecos_escolas[cidade])=F6),0),0)),"—")) | K6: =IF(C6="","",IF(AND(OR('Ranking Escolas'!$F$4="Todas",H6='Ranking Escolas'!$F$4),OR('Ranking Escolas'!$I$4="Todos",E6='Ranking Escolas'!$I$4)),C6+(1000-A6)/10000000,"")) | M6: 5 | N6: =IF(M6>ROWS(avaliacoes_cursos[curso]),"",INDEX(avaliacoes_cursos[curso],M6)) | O6: =IF(N6="","",INDEX(avaliacoes_cursos[escola],M6)) | P6: =IF(N6="","",INDEX(avaliacoes_cursos[Nota média],M6)) | Q6: =IF(N6="","",IF(COUNTIF(avaliacoes_cursos[curso],N6)>1,N6&" — "&O6,N6)) | R6: =IF(P6="","",P6+(1000-M6)/10000000) | T6: 5 | U6: =COUNTIFS($C$2:$C$301,">="&4.5)
A7: 6 | B7: =IF(A7>ROWS(avaliacoes_qualidade[escola]),"",INDEX(avaliacoes_qualidade[escola],A7)) | C7: =IF(B7="","",INDEX(avaliacoes_qualidade[Nota média],A7)) | D7: =IF(B7="","",INDEX(avaliacoes_qualidade[Avaliações],A7)) | E7: =IF(B7="","",IFERROR(INDEX(escolas[Column1.tipo],MATCH(B7,escolas[Column1.nome],0)),"—")) | F7: =IF(B7="","",SUMPRODUCT(MAX((RIGHT(B7,LEN(enderecos_escolas[cidade])+1)=" "&enderecos_escolas[cidade])*LEN(enderecos_escolas[cidade])))) | G7: =IF(B7="","",IFERROR(INDEX(enderecos_escolas[estado],MATCH(1,INDEX((RIGHT(B7,LEN(enderecos_escolas[cidade])+1)=" "&enderecos_escolas[cidade])*(LEN(enderecos_escolas[cidade])=F7),0),0)),"—")) | H7: =IF(B7="","",IFERROR(VLOOKUP(G7,'Parâmetros'!$A$5:$B$31,2,FALSE),"Não localizada")) | I7: =IF(B7="","",IFERROR(INDEX(enderecos_escolas[tipoLocalizacao],MATCH(1,INDEX((RIGHT(B7,LEN(enderecos_escolas[cidade])+1)=" "&enderecos_escolas[cidade])*(LEN(enderecos_escolas[cidade])=F7),0),0)),"—")) | K7: =IF(C7="","",IF(AND(OR('Ranking Escolas'!$F$4="Todas",H7='Ranking Escolas'!$F$4),OR('Ranking Escolas'!$I$4="Todos",E7='Ranking Escolas'!$I$4)),C7+(1000-A7)/10000000,"")) | M7: 6 | N7: =IF(M7>ROWS(avaliacoes_cursos[curso]),"",INDEX(avaliacoes_cursos[curso],M7)) | O7: =IF(N7="","",INDEX(avaliacoes_cursos[escola],M7)) | P7: =IF(N7="","",INDEX(avaliacoes_cursos[Nota média],M7)) | Q7: =IF(N7="","",IF(COUNTIF(avaliacoes_cursos[curso],N7)>1,N7&" — "&O7,N7)) | R7: =IF(P7="","",P7+(1000-M7)/10000000)
A8: 7 | B8: =IF(A8>ROWS(avaliacoes_qualidade[escola]),"",INDEX(avaliacoes_qualidade[escola],A8)) | C8: =IF(B8="","",INDEX(avaliacoes_qualidade[Nota média],A8)) | D8: =IF(B8="","",INDEX(avaliacoes_qualidade[Avaliações],A8)) | E8: =IF(B8="","",IFERROR(INDEX(escolas[Column1.tipo],MATCH(B8,escolas[Column1.nome],0)),"—")) | F8: =IF(B8="","",SUMPRODUCT(MAX((RIGHT(B8,LEN(enderecos_escolas[cidade])+1)=" "&enderecos_escolas[cidade])*LEN(enderecos_escolas[cidade])))) | G8: =IF(B8="","",IFERROR(INDEX(enderecos_escolas[estado],MATCH(1,INDEX((RIGHT(B8,LEN(enderecos_escolas[cidade])+1)=" "&enderecos_escolas[cidade])*(LEN(enderecos_escolas[cidade])=F8),0),0)),"—")) | H8: =IF(B8="","",IFERROR(VLOOKUP(G8,'Parâmetros'!$A$5:$B$31,2,FALSE),"Não localizada")) | I8: =IF(B8="","",IFERROR(INDEX(enderecos_escolas[tipoLocalizacao],MATCH(1,INDEX((RIGHT(B8,LEN(enderecos_escolas[cidade])+1)=" "&enderecos_escolas[cidade])*(LEN(enderecos_escolas[cidade])=F8),0),0)),"—")) | K8: =IF(C8="","",IF(AND(OR('Ranking Escolas'!$F$4="Todas",H8='Ranking Escolas'!$F$4),OR('Ranking Escolas'!$I$4="Todos",E8='Ranking Escolas'!$I$4)),C8+(1000-A8)/10000000,"")) | M8: 7 | N8: =IF(M8>ROWS(avaliacoes_cursos[curso]),"",INDEX(avaliacoes_cursos[curso],M8)) | O8: =IF(N8="","",INDEX(avaliacoes_cursos[escola],M8)) | P8: =IF(N8="","",INDEX(avaliacoes_cursos[Nota média],M8)) | Q8: =IF(N8="","",IF(COUNTIF(avaliacoes_cursos[curso],N8)>1,N8&" — "&O8,N8)) | R8: =IF(P8="","",P8+(1000-M8)/10000000)
A9: 8 | B9: =IF(A9>ROWS(avaliacoes_qualidade[escola]),"",INDEX(avaliacoes_qualidade[escola],A9)) | C9: =IF(B9="","",INDEX(avaliacoes_qualidade[Nota média],A9)) | D9: =IF(B9="","",INDEX(avaliacoes_qualidade[Avaliações],A9)) | E9: =IF(B9="","",IFERROR(INDEX(escolas[Column1.tipo],MATCH(B9,escolas[Column1.nome],0)),"—")) | F9: =IF(B9="","",SUMPRODUCT(MAX((RIGHT(B9,LEN(enderecos_escolas[cidade])+1)=" "&enderecos_escolas[cidade])*LEN(enderecos_escolas[cidade])))) | G9: =IF(B9="","",IFERROR(INDEX(enderecos_escolas[estado],MATCH(1,INDEX((RIGHT(B9,LEN(enderecos_escolas[cidade])+1)=" "&enderecos_escolas[cidade])*(LEN(enderecos_escolas[cidade])=F9),0),0)),"—")) | H9: =IF(B9="","",IFERROR(VLOOKUP(G9,'Parâmetros'!$A$5:$B$31,2,FALSE),"Não localizada")) | I9: =IF(B9="","",IFERROR(INDEX(enderecos_escolas[tipoLocalizacao],MATCH(1,INDEX((RIGHT(B9,LEN(enderecos_escolas[cidade])+1)=" "&enderecos_escolas[cidade])*(LEN(enderecos_escolas[cidade])=F9),0),0)),"—")) | K9: =IF(C9="","",IF(AND(OR('Ranking Escolas'!$F$4="Todas",H9='Ranking Escolas'!$F$4),OR('Ranking Escolas'!$I$4="Todos",E9='Ranking Escolas'!$I$4)),C9+(1000-A9)/10000000,"")) | M9: 8 | N9: =IF(M9>ROWS(avaliacoes_cursos[curso]),"",INDEX(avaliacoes_cursos[curso],M9)) | O9: =IF(N9="","",INDEX(avaliacoes_cursos[escola],M9)) | P9: =IF(N9="","",INDEX(avaliacoes_cursos[Nota média],M9)) | Q9: =IF(N9="","",IF(COUNTIF(avaliacoes_cursos[curso],N9)>1,N9&" — "&O9,N9)) | R9: =IF(P9="","",P9+(1000-M9)/10000000)
A10: 9 | B10: =IF(A10>ROWS(avaliacoes_qualidade[escola]),"",INDEX(avaliacoes_qualidade[escola],A10)) | C10: =IF(B10="","",INDEX(avaliacoes_qualidade[Nota média],A10)) | D10: =IF(B10="","",INDEX(avaliacoes_qualidade[Avaliações],A10)) | E10: =IF(B10="","",IFERROR(INDEX(escolas[Column1.tipo],MATCH(B10,escolas[Column1.nome],0)),"—")) | F10: =IF(B10="","",SUMPRODUCT(MAX((RIGHT(B10,LEN(enderecos_escolas[cidade])+1)=" "&enderecos_escolas[cidade])*LEN(enderecos_escolas[cidade])))) | G10: =IF(B10="","",IFERROR(INDEX(enderecos_escolas[estado],MATCH(1,INDEX((RIGHT(B10,LEN(enderecos_escolas[cidade])+1)=" "&enderecos_escolas[cidade])*(LEN(enderecos_escolas[cidade])=F10),0),0)),"—")) | H10: =IF(B10="","",IFERROR(VLOOKUP(G10,'Parâmetros'!$A$5:$B$31,2,FALSE),"Não localizada")) | I10: =IF(B10="","",IFERROR(INDEX(enderecos_escolas[tipoLocalizacao],MATCH(1,INDEX((RIGHT(B10,LEN(enderecos_escolas[cidade])+1)=" "&enderecos_escolas[cidade])*(LEN(enderecos_escolas[cidade])=F10),0),0)),"—")) | K10: =IF(C10="","",IF(AND(OR('Ranking Escolas'!$F$4="Todas",H10='Ranking Escolas'!$F$4),OR('Ranking Escolas'!$I$4="Todos",E10='Ranking Escolas'!$I$4)),C10+(1000-A10)/10000000,"")) | M10: 9 | N10: =IF(M10>ROWS(avaliacoes_cursos[curso]),"",INDEX(avaliacoes_cursos[curso],M10)) | O10: =IF(N10="","",INDEX(avaliacoes_cursos[escola],M10)) | P10: =IF(N10="","",INDEX(avaliacoes_cursos[Nota média],M10)) | Q10: =IF(N10="","",IF(COUNTIF(avaliacoes_cursos[curso],N10)>1,N10&" — "&O10,N10)) | R10: =IF(P10="","",P10+(1000-M10)/10000000)
A11: 10 | B11: =IF(A11>ROWS(avaliacoes_qualidade[escola]),"",INDEX(avaliacoes_qualidade[escola],A11)) | C11: =IF(B11="","",INDEX(avaliacoes_qualidade[Nota média],A11)) | D11: =IF(B11="","",INDEX(avaliacoes_qualidade[Avaliações],A11)) | E11: =IF(B11="","",IFERROR(INDEX(escolas[Column1.tipo],MATCH(B11,escolas[Column1.nome],0)),"—")) | F11: =IF(B11="","",SUMPRODUCT(MAX((RIGHT(B11,LEN(enderecos_escolas[cidade])+1)=" "&enderecos_escolas[cidade])*LEN(enderecos_escolas[cidade])))) | G11: =IF(B11="","",IFERROR(INDEX(enderecos_escolas[estado],MATCH(1,INDEX((RIGHT(B11,LEN(enderecos_escolas[cidade])+1)=" "&enderecos_escolas[cidade])*(LEN(enderecos_escolas[cidade])=F11),0),0)),"—")) | H11: =IF(B11="","",IFERROR(VLOOKUP(G11,'Parâmetros'!$A$5:$B$31,2,FALSE),"Não localizada")) | I11: =IF(B11="","",IFERROR(INDEX(enderecos_escolas[tipoLocalizacao],MATCH(1,INDEX((RIGHT(B11,LEN(enderecos_escolas[cidade])+1)=" "&enderecos_escolas[cidade])*(LEN(enderecos_escolas[cidade])=F11),0),0)),"—")) | K11: =IF(C11="","",IF(AND(OR('Ranking Escolas'!$F$4="Todas",H11='Ranking Escolas'!$F$4),OR('Ranking Escolas'!$I$4="Todos",E11='Ranking Escolas'!$I$4)),C11+(1000-A11)/10000000,"")) | M11: 10 | N11: =IF(M11>ROWS(avaliacoes_cursos[curso]),"",INDEX(avaliacoes_cursos[curso],M11)) | O11: =IF(N11="","",INDEX(avaliacoes_cursos[escola],M11)) | P11: =IF(N11="","",INDEX(avaliacoes_cursos[Nota média],M11)) | Q11: =IF(N11="","",IF(COUNTIF(avaliacoes_cursos[curso],N11)>1,N11&" — "&O11,N11)) | R11: =IF(P11="","",P11+(1000-M11)/10000000)
A12: 11 | B12: =IF(A12>ROWS(avaliacoes_qualidade[escola]),"",INDEX(avaliacoes_qualidade[escola],A12)) | C12: =IF(B12="","",INDEX(avaliacoes_qualidade[Nota média],A12)) | D12: =IF(B12="","",INDEX(avaliacoes_qualidade[Avaliações],A12)) | E12: =IF(B12="","",IFERROR(INDEX(escolas[Column1.tipo],MATCH(B12,escolas[Column1.nome],0)),"—")) | F12: =IF(B12="","",SUMPRODUCT(MAX((RIGHT(B12,LEN(enderecos_escolas[cidade])+1)=" "&enderecos_escolas[cidade])*LEN(enderecos_escolas[cidade])))) | G12: =IF(B12="","",IFERROR(INDEX(enderecos_escolas[estado],MATCH(1,INDEX((RIGHT(B12,LEN(enderecos_escolas[cidade])+1)=" "&enderecos_escolas[cidade])*(LEN(enderecos_escolas[cidade])=F12),0),0)),"—")) | H12: =IF(B12="","",IFERROR(VLOOKUP(G12,'Parâmetros'!$A$5:$B$31,2,FALSE),"Não localizada")) | I12: =IF(B12="","",IFERROR(INDEX(enderecos_escolas[tipoLocalizacao],MATCH(1,INDEX((RIGHT(B12,LEN(enderecos_escolas[cidade])+1)=" "&enderecos_escolas[cidade])*(LEN(enderecos_escolas[cidade])=F12),0),0)),"—")) | K12: =IF(C12="","",IF(AND(OR('Ranking Escolas'!$F$4="Todas",H12='Ranking Escolas'!$F$4),OR('Ranking Escolas'!$I$4="Todos",E12='Ranking Escolas'!$I$4)),C12+(1000-A12)/10000000,"")) | M12: 11 | N12: =IF(M12>ROWS(avaliacoes_cursos[curso]),"",INDEX(avaliacoes_cursos[curso],M12)) | O12: =IF(N12="","",INDEX(avaliacoes_cursos[escola],M12)) | P12: =IF(N12="","",INDEX(avaliacoes_cursos[Nota média],M12)) | Q12: =IF(N12="","",IF(COUNTIF(avaliacoes_cursos[curso],N12)>1,N12&" — "&O12,N12)) | R12: =IF(P12="","",P12+(1000-M12)/10000000)
A13: 12 | B13: =IF(A13>ROWS(avaliacoes_qualidade[escola]),"",INDEX(avaliacoes_qualidade[escola],A13)) | C13: =IF(B13="","",INDEX(avaliacoes_qualidade[Nota média],A13)) | D13: =IF(B13="","",INDEX(avaliacoes_qualidade[Avaliações],A13)) | E13: =IF(B13="","",IFERROR(INDEX(escolas[Column1.tipo],MATCH(B13,escolas[Column1.nome],0)),"—")) | F13: =IF(B13="","",SUMPRODUCT(MAX((RIGHT(B13,LEN(enderecos_escolas[cidade])+1)=" "&enderecos_escolas[cidade])*LEN(enderecos_escolas[cidade])))) | G13: =IF(B13="","",IFERROR(INDEX(enderecos_escolas[estado],MATCH(1,INDEX((RIGHT(B13,LEN(enderecos_escolas[cidade])+1)=" "&enderecos_escolas[cidade])*(LEN(enderecos_escolas[cidade])=F13),0),0)),"—")) | H13: =IF(B13="","",IFERROR(VLOOKUP(G13,'Parâmetros'!$A$5:$B$31,2,FALSE),"Não localizada")) | I13: =IF(B13="","",IFERROR(INDEX(enderecos_escolas[tipoLocalizacao],MATCH(1,INDEX((RIGHT(B13,LEN(enderecos_escolas[cidade])+1)=" "&enderecos_escolas[cidade])*(LEN(enderecos_escolas[cidade])=F13),0),0)),"—")) | K13: =IF(C13="","",IF(AND(OR('Ranking Escolas'!$F$4="Todas",H13='Ranking Escolas'!$F$4),OR('Ranking Escolas'!$I$4="Todos",E13='Ranking Escolas'!$I$4)),C13+(1000-A13)/10000000,"")) | M13: 12 | N13: =IF(M13>ROWS(avaliacoes_cursos[curso]),"",INDEX(avaliacoes_cursos[curso],M13)) | O13: =IF(N13="","",INDEX(avaliacoes_cursos[escola],M13)) | P13: =IF(N13="","",INDEX(avaliacoes_cursos[Nota média],M13)) | Q13: =IF(N13="","",IF(COUNTIF(avaliacoes_cursos[curso],N13)>1,N13&" — "&O13,N13)) | R13: =IF(P13="","",P13+(1000-M13)/10000000)
A14: 13 | B14: =IF(A14>ROWS(avaliacoes_qualidade[escola]),"",INDEX(avaliacoes_qualidade[escola],A14)) | C14: =IF(B14="","",INDEX(avaliacoes_qualidade[Nota média],A14)) | D14: =IF(B14="","",INDEX(avaliacoes_qualidade[Avaliações],A14)) | E14: =IF(B14="","",IFERROR(INDEX(escolas[Column1.tipo],MATCH(B14,escolas[Column1.nome],0)),"—")) | F14: =IF(B14="","",SUMPRODUCT(MAX((RIGHT(B14,LEN(enderecos_escolas[cidade])+1)=" "&enderecos_escolas[cidade])*LEN(enderecos_escolas[cidade])))) | G14: =IF(B14="","",IFERROR(INDEX(enderecos_escolas[estado],MATCH(1,INDEX((RIGHT(B14,LEN(enderecos_escolas[cidade])+1)=" "&enderecos_escolas[cidade])*(LEN(enderecos_escolas[cidade])=F14),0),0)),"—")) | H14: =IF(B14="","",IFERROR(VLOOKUP(G14,'Parâmetros'!$A$5:$B$31,2,FALSE),"Não localizada")) | I14: =IF(B14="","",IFERROR(INDEX(enderecos_escolas[tipoLocalizacao],MATCH(1,INDEX((RIGHT(B14,LEN(enderecos_escolas[cidade])+1)=" "&enderecos_escolas[cidade])*(LEN(enderecos_escolas[cidade])=F14),0),0)),"—")) | K14: =IF(C14="","",IF(AND(OR('Ranking Escolas'!$F$4="Todas",H14='Ranking Escolas'!$F$4),OR('Ranking Escolas'!$I$4="Todos",E14='Ranking Escolas'!$I$4)),C14+(1000-A14)/10000000,"")) | M14: 13 | N14: =IF(M14>ROWS(avaliacoes_cursos[curso]),"",INDEX(avaliacoes_cursos[curso],M14)) | O14: =IF(N14="","",INDEX(avaliacoes_cursos[escola],M14)) | P14: =IF(N14="","",INDEX(avaliacoes_cursos[Nota média],M14)) | Q14: =IF(N14="","",IF(COUNTIF(avaliacoes_cursos[curso],N14)>1,N14&" — "&O14,N14)) | R14: =IF(P14="","",P14+(1000-M14)/10000000)
A15: 14 | B15: =IF(A15>ROWS(avaliacoes_qualidade[escola]),"",INDEX(avaliacoes_qualidade[escola],A15)) | C15: =IF(B15="","",INDEX(avaliacoes_qualidade[Nota média],A15)) | D15: =IF(B15="","",INDEX(avaliacoes_qualidade[Avaliações],A15)) | E15: =IF(B15="","",IFERROR(INDEX(escolas[Column1.tipo],MATCH(B15,escolas[Column1.nome],0)),"—")) | F15: =IF(B15="","",SUMPRODUCT(MAX((RIGHT(B15,LEN(enderecos_escolas[cidade])+1)=" "&enderecos_escolas[cidade])*LEN(enderecos_escolas[cidade])))) | G15: =IF(B15="","",IFERROR(INDEX(enderecos_escolas[estado],MATCH(1,INDEX((RIGHT(B15,LEN(enderecos_escolas[cidade])+1)=" "&enderecos_escolas[cidade])*(LEN(enderecos_escolas[cidade])=F15),0),0)),"—")) | H15: =IF(B15="","",IFERROR(VLOOKUP(G15,'Parâmetros'!$A$5:$B$31,2,FALSE),"Não localizada")) | I15: =IF(B15="","",IFERROR(INDEX(enderecos_escolas[tipoLocalizacao],MATCH(1,INDEX((RIGHT(B15,LEN(enderecos_escolas[cidade])+1)=" "&enderecos_escolas[cidade])*(LEN(enderecos_escolas[cidade])=F15),0),0)),"—")) | K15: =IF(C15="","",IF(AND(OR('Ranking Escolas'!$F$4="Todas",H15='Ranking Escolas'!$F$4),OR('Ranking Escolas'!$I$4="Todos",E15='Ranking Escolas'!$I$4)),C15+(1000-A15)/10000000,"")) | M15: 14 | N15: =IF(M15>ROWS(avaliacoes_cursos[curso]),"",INDEX(avaliacoes_cursos[curso],M15)) | O15: =IF(N15="","",INDEX(avaliacoes_cursos[escola],M15)) | P15: =IF(N15="","",INDEX(avaliacoes_cursos[Nota média],M15)) | Q15: =IF(N15="","",IF(COUNTIF(avaliacoes_cursos[curso],N15)>1,N15&" — "&O15,N15)) | R15: =IF(P15="","",P15+(1000-M15)/10000000)
A16: 15 | B16: =IF(A16>ROWS(avaliacoes_qualidade[escola]),"",INDEX(avaliacoes_qualidade[escola],A16)) | C16: =IF(B16="","",INDEX(avaliacoes_qualidade[Nota média],A16)) | D16: =IF(B16="","",INDEX(avaliacoes_qualidade[Avaliações],A16)) | E16: =IF(B16="","",IFERROR(INDEX(escolas[Column1.tipo],MATCH(B16,escolas[Column1.nome],0)),"—")) | F16: =IF(B16="","",SUMPRODUCT(MAX((RIGHT(B16,LEN(enderecos_escolas[cidade])+1)=" "&enderecos_escolas[cidade])*LEN(enderecos_escolas[cidade])))) | G16: =IF(B16="","",IFERROR(INDEX(enderecos_escolas[estado],MATCH(1,INDEX((RIGHT(B16,LEN(enderecos_escolas[cidade])+1)=" "&enderecos_escolas[cidade])*(LEN(enderecos_escolas[cidade])=F16),0),0)),"—")) | H16: =IF(B16="","",IFERROR(VLOOKUP(G16,'Parâmetros'!$A$5:$B$31,2,FALSE),"Não localizada")) | I16: =IF(B16="","",IFERROR(INDEX(enderecos_escolas[tipoLocalizacao],MATCH(1,INDEX((RIGHT(B16,LEN(enderecos_escolas[cidade])+1)=" "&enderecos_escolas[cidade])*(LEN(enderecos_escolas[cidade])=F16),0),0)),"—")) | K16: =IF(C16="","",IF(AND(OR('Ranking Escolas'!$F$4="Todas",H16='Ranking Escolas'!$F$4),OR('Ranking Escolas'!$I$4="Todos",E16='Ranking Escolas'!$I$4)),C16+(1000-A16)/10000000,"")) | M16: 15 | N16: =IF(M16>ROWS(avaliacoes_cursos[curso]),"",INDEX(avaliacoes_cursos[curso],M16)) | O16: =IF(N16="","",INDEX(avaliacoes_cursos[escola],M16)) | P16: =IF(N16="","",INDEX(avaliacoes_cursos[Nota média],M16)) | Q16: =IF(N16="","",IF(COUNTIF(avaliacoes_cursos[curso],N16)>1,N16&" — "&O16,N16)) | R16: =IF(P16="","",P16+(1000-M16)/10000000)
A17: 16 | B17: =IF(A17>ROWS(avaliacoes_qualidade[escola]),"",INDEX(avaliacoes_qualidade[escola],A17)) | C17: =IF(B17="","",INDEX(avaliacoes_qualidade[Nota média],A17)) | D17: =IF(B17="","",INDEX(avaliacoes_qualidade[Avaliações],A17)) | E17: =IF(B17="","",IFERROR(INDEX(escolas[Column1.tipo],MATCH(B17,escolas[Column1.nome],0)),"—")) | F17: =IF(B17="","",SUMPRODUCT(MAX((RIGHT(B17,LEN(enderecos_escolas[cidade])+1)=" "&enderecos_escolas[cidade])*LEN(enderecos_escolas[cidade])))) | G17: =IF(B17="","",IFERROR(INDEX(enderecos_escolas[estado],MATCH(1,INDEX((RIGHT(B17,LEN(enderecos_escolas[cidade])+1)=" "&enderecos_escolas[cidade])*(LEN(enderecos_escolas[cidade])=F17),0),0)),"—")) | H17: =IF(B17="","",IFERROR(VLOOKUP(G17,'Parâmetros'!$A$5:$B$31,2,FALSE),"Não localizada")) | I17: =IF(B17="","",IFERROR(INDEX(enderecos_escolas[tipoLocalizacao],MATCH(1,INDEX((RIGHT(B17,LEN(enderecos_escolas[cidade])+1)=" "&enderecos_escolas[cidade])*(LEN(enderecos_escolas[cidade])=F17),0),0)),"—")) | K17: =IF(C17="","",IF(AND(OR('Ranking Escolas'!$F$4="Todas",H17='Ranking Escolas'!$F$4),OR('Ranking Escolas'!$I$4="Todos",E17='Ranking Escolas'!$I$4)),C17+(1000-A17)/10000000,"")) | M17: 16 | N17: =IF(M17>ROWS(avaliacoes_cursos[curso]),"",INDEX(avaliacoes_cursos[curso],M17)) | O17: =IF(N17="","",INDEX(avaliacoes_cursos[escola],M17)) | P17: =IF(N17="","",INDEX(avaliacoes_cursos[Nota média],M17)) | Q17: =IF(N17="","",IF(COUNTIF(avaliacoes_cursos[curso],N17)>1,N17&" — "&O17,N17)) | R17: =IF(P17="","",P17+(1000-M17)/10000000)
A18: 17 | B18: =IF(A18>ROWS(avaliacoes_qualidade[escola]),"",INDEX(avaliacoes_qualidade[escola],A18)) | C18: =IF(B18="","",INDEX(avaliacoes_qualidade[Nota média],A18)) | D18: =IF(B18="","",INDEX(avaliacoes_qualidade[Avaliações],A18)) | E18: =IF(B18="","",IFERROR(INDEX(escolas[Column1.tipo],MATCH(B18,escolas[Column1.nome],0)),"—")) | F18: =IF(B18="","",SUMPRODUCT(MAX((RIGHT(B18,LEN(enderecos_escolas[cidade])+1)=" "&enderecos_escolas[cidade])*LEN(enderecos_escolas[cidade])))) | G18: =IF(B18="","",IFERROR(INDEX(enderecos_escolas[estado],MATCH(1,INDEX((RIGHT(B18,LEN(enderecos_escolas[cidade])+1)=" "&enderecos_escolas[cidade])*(LEN(enderecos_escolas[cidade])=F18),0),0)),"—")) | H18: =IF(B18="","",IFERROR(VLOOKUP(G18,'Parâmetros'!$A$5:$B$31,2,FALSE),"Não localizada")) | I18: =IF(B18="","",IFERROR(INDEX(enderecos_escolas[tipoLocalizacao],MATCH(1,INDEX((RIGHT(B18,LEN(enderecos_escolas[cidade])+1)=" "&enderecos_escolas[cidade])*(LEN(enderecos_escolas[cidade])=F18),0),0)),"—")) | K18: =IF(C18="","",IF(AND(OR('Ranking Escolas'!$F$4="Todas",H18='Ranking Escolas'!$F$4),OR('Ranking Escolas'!$I$4="Todos",E18='Ranking Escolas'!$I$4)),C18+(1000-A18)/10000000,"")) | M18: 17 | N18: =IF(M18>ROWS(avaliacoes_cursos[curso]),"",INDEX(avaliacoes_cursos[curso],M18)) | O18: =IF(N18="","",INDEX(avaliacoes_cursos[escola],M18)) | P18: =IF(N18="","",INDEX(avaliacoes_cursos[Nota média],M18)) | Q18: =IF(N18="","",IF(COUNTIF(avaliacoes_cursos[curso],N18)>1,N18&" — "&O18,N18)) | R18: =IF(P18="","",P18+(1000-M18)/10000000)
... A301: 300 | B301: =IF(A301>ROWS(avaliacoes_qualidade[escola]),"",INDEX(avaliacoes_qualidade[escola],A301)) | C301: =IF(B301="","",INDEX(avaliacoes_qualidade[Nota média],A301)) | D301: =IF(B301="","",INDEX(avaliacoes_qualidade[Avaliações],A301)) | E301: =IF(B301="","",IFERROR(INDEX(escolas[Column1.tipo],MATCH(B301,escolas[Column1.nome],0)),"—")) | F301: =IF(B301="","",SUMPRODUCT(MAX((RIGHT(B301,LEN(enderecos_escolas[cidade])+1)=" "&enderecos_escolas[cidade])*LEN(enderecos_escolas[cidade])))) | G301: =IF(B301="","",IFERROR(INDEX(enderecos_escolas[estado],MATCH(1,INDEX((RIGHT(B301,LEN(enderecos_escolas[cidade])+1)=" "&enderecos_escolas[cidade])*(LEN(enderecos_escolas[cidade])=F301),0),0)),"—")) | H301: =IF(B301="","",IFERROR(VLOOKUP(G301,'Parâmetros'!$A$5:$B$31,2,FALSE),"Não localizada")) | I301: =IF(B301="","",IFERROR(INDEX(enderecos_escolas[tipoLocalizacao],MATCH(1,INDEX((RIGHT(B301,LEN(enderecos_escolas[cidade])+1)=" "&enderecos_escolas[cidade])*(LEN(enderecos_escolas[cidade])=F301),0),0)),"—")) | K301: =IF(C301="","",IF(AND(OR('Ranking Escolas'!$F$4="Todas",H301='Ranking Escolas'!$F$4),OR('Ranking Escolas'!$I$4="Todos",E301='Ranking Escolas'!$I$4)),C301+(1000-A301)/10000000,"")) | M301: 300 | N301: =IF(M301>ROWS(avaliacoes_cursos[curso]),"",INDEX(avaliacoes_cursos[curso],M301)) | O301: =IF(N301="","",INDEX(avaliacoes_cursos[escola],M301)) | P301: =IF(N301="","",INDEX(avaliacoes_cursos[Nota média],M301)) | Q301: =IF(N301="","",IF(COUNTIF(avaliacoes_cursos[curso],N301)>1,N301&" — "&O301,N301)) | R301: =IF(P301="","",P301+(1000-M301)/10000000)

Sheet Parâmetros
A1: 4 | B1: ODS 4 · Educação de Qualidade · Recode — Avaliação Escolas
B2: Parâmetros
B3: Faixas de nota e mapa UF → região. Altere as células em azul claro e tudo se recalcula.
A4: UF | B4: Região | D4: Parâmetro | E4: Valor
A5: AC | B5: Norte | D5: Qualidade (1–5): nota BOA a partir de | E5: 4
A6: AP | B6: Norte | D6: Qualidade (1–5): ATENÇÃO a partir de | E6: 2.5
A7: AM | B7: Norte | D7: Cursos (0–10): nota BOA a partir de | E7: 8
A8: PA | B8: Norte | D8: Cursos (0–10): ATENÇÃO a partir de | E8: 5
A9: RO | B9: Norte | D9: Amostra mínima por região (escolas avaliadas) | E9: 3
A10: RR | B10: Norte
A11: TO | B11: Norte | D11: Faixas de qualidade seguem o Dashboard do site. As faixas dos cursos (0–10) são uma sugestão: ajuste ao critério do relatório.
A12: AL | B12: Nordeste
A13: BA | B13: Nordeste
A14: CE | B14: Nordeste
A15: MA | B15: Nordeste
A16: PB | B16: Nordeste
A17: PE | B17: Nordeste
A18: PI | B18: Nordeste
A19: RN | B19: Nordeste
A20: SE | B20: Nordeste
A21: DF | B21: Centro-Oeste
A22: GO | B22: Centro-Oeste
A23: MT | B23: Centro-Oeste
... A31: SC | B31: Sul

Sheet avaliacoes-qualidade
A1: escola | B1: Nota média | C1: Avaliações
A2: Colégio Estadual de Rio Branco | B2: 5 | C2: 1
A3: Escola Municipal de Maceió | B3: 4 | C3: 1
A4: Colégio Estadual de Macapá | B4: 4 | C4: 1
A5: Escola Municipal de Manaus | B5: 5 | C5: 1
A6: Colégio Estadual de Salvador | B6: 4 | C6: 1
A7: Escola Municipal de Fortaleza | B7: 3 | C7: 1
A8: Centro de Ensino de Brasília | B8: 5 | C8: 1
A9: Colégio Estadual de Vitória | B9: 4 | C9: 1
A10: Escola Municipal de Goiânia | B10: 5 | C10: 1
A11: Colégio Estadual de São Luís | B11: 5 | C11: 1
A12: Escola Municipal de Cuiabá | B12: 3 | C12: 1
A13: Colégio Estadual de Campo Grande | B13: 5 | C13: 1
... A68: Escola Estadual de Contagem | B68: 2 | C68: 1

Sheet enderecos-escolas
A1: id | B1: cidade | C1: estado | D1: tipoLocalizacao | E1: escola
A2: 1 | B2: Rio Branco | C2: AC | D2: urbana | E2: [Record]
A3: 2 | B3: Maceió | C3: AL | D3: urbana | E3: [Record]
A4: 3 | B4: Macapá | C4: AP | D4: urbana | E4: [Record]
A5: 4 | B5: Manaus | C5: AM | D5: urbana | E5: [Record]
A6: 5 | B6: Salvador | C6: BA | D6: urbana | E6: [Record]
A7: 6 | B7: Fortaleza | C7: CE | D7: urbana | E7: [Record]
A8: 7 | B8: Brasília | C8: DF | D8: urbana | E8: [Record]
A9: 8 | B9: Vitória | C9: ES | D9: urbana | E9: [Record]
A10: 9 | B10: Goiânia | C10: GO | D10: urbana | E10: [Record]
A11: 10 | B11: São Luís | C11: MA | D11: urbana | E11: [Record]
A12: 11 | B12: Cuiabá | C12: MT | D12: urbana | E12: [Record]
A13: 12 | B13: Campo Grande | C13: MS | D13: urbana | E13: [Record]
... A68: 66 | B68: Aparecida de Goiânia | C68: GO | D68: urbana | E68: [Record]

Sheet avaliacoes-cursos
A1: curso | B1: escola | C1: Nota média
A2: Avaliação Geral de Desempenho | B2: Colégio Estadual de Rio Branco | C2: 8.4090909
A3: Técnico em Logística | B3: Colégio Estadual de Anápolis | C3: 8.5
A4: Ensino Fundamental II | B4: Escola Municipal de Vila Velha | C4: 9.2
A5: Robótica Educacional | B5: Centro de Ensino de Sorocaba | C5: 9.8
A6: Técnico em Edificações | B6: Instituto Federal de Mossoró | C6: 9
A7: Ensino Médio Regular | B7: Escola Estadual de São José dos Campos | C7: 7.2
A8: Técnico em Logística Portuária | B8: Centro de Ensino de Santos | C8: 9.2
A9: Ensino Médio Regular | B9: Escola Estadual de Montes Claros | C9: 7.5
A10: Técnico em Viticultura e Enologia | B10: Instituto Federal de Bento Gonçalves | C10: 9.8
A11: Educação de Jovens e Adultos (EJA) | B11: Colégio Estadual de Maringá | C11: 8
A12: Design de Moda e Artesanato | B12: Escola Municipal de Caruaru | C12: 8.7
A13: Desenvolvimento de Sistemas | B13: Colégio Estadual de Blumenau | C13: 8.5
... A32: Técnico em Meio Ambiente | B32: Escola Estadual de Contagem | C32: 6.4

Sheet cursos
A1: id | B1: nome | C1: descricao | D1: cargaHoraria | E1: escola
A2: 1 | B2: Avaliação Geral de Desempenho | C2: Mapeamento Geral do Censo | D2: 120 | E2: [Record]
A3: 51 | B3: Desenvolvimento Web Full Stack | C3: Formação completa em frontend com React/Angular e backend com Java Spring Boot. | D3: 360 | E3: [Record]
A4: 52 | B4: Introdução a Ciência de Dados | C4: Análise exploratória de dados utilizando Python, Pandas e conceitos de ETL. | D4: 120 | E4: [Record]
A5: 53 | B5: Técnico em Informática | C5: Fundamentos de computação, redes, arquitetura de sistemas e lógica de programação. | D5: 1200 | E5: [Record]
A6: 54 | B6: Banco de Dados Relacional e SQL | C6: Modelagem de dados, normalização e escrita de queries avançadas em MySQL e PostgreSQL. | D6: 80 | E6: [Record]
A7: 55 | B7: Estruturas de Dados com Java | C7: Programação orientada a objetos avançada, coleções, listas, árvores e ordenação. | D7: 90 | E7: [Record]
A8: 56 | B8: DevOps e Engenharia de Cloud | C8: Configuração de ambientes portáveis com Docker, automação de servidores Linux e deploy no Render. | D8: 160 | E8: [Record]
A9: 57 | B9: Sistemas de Informação - Introdução | C9: Visão geral sobre governança de TI, engenharia de software e análise de requisitos. | D9: 60 | E9: [Record]
A10: 58 | B10: Desenvolvimento Mobile Híbrido | C10: Construção de aplicativos modernos multiplataforma para Android e iOS. | D10: 240 | E10: [Record]
A11: 59 | B11: Fundamentos de Machine Learning | C11: Desenvolvimento e avaliação de modelos preditivos utilizando Scikit-Learn e inteligência artificial. | D11: 180 | E11: [Record]
A12: 60 | B12: Administração de Sistemas Linux | C12: Gerenciamento de servidores, permissões de arquivos, scripts bash e segurança de redes. | D12: 100 | E12: [Record]
A13: 61 | B13: Desenvolvimento de APIs RESTful | C13: Construção de serviços web robustos utilizando arquitetura de microsserviços e Spring Boot. | D13: 120 | E13: [Record]
... A54: 102 | B54: Técnico em Meio Ambiente | C54: Estudo de preservação ambiental e licenciamento. | D54: 1100 | E54: [Record]

Sheet escolas
A1: Column1.id | B1: Column1.nome | C1: Column1.tipo
A2: 1 | B2: Colégio Estadual de Rio Branco | C2: Estadual
A3: 2 | B3: Escola Municipal de Maceió | C3: Pública
A4: 3 | B4: Colégio Estadual de Macapá | C4: Estadual
A5: 4 | B5: Escola Municipal de Manaus | C5: Pública
A6: 5 | B6: Colégio Estadual de Salvador | C6: Estadual
A7: 6 | B7: Escola Municipal de Fortaleza | C7: Pública
A8: 7 | B8: Centro de Ensino de Brasília | C8: Técnica
A9: 8 | B9: Colégio Estadual de Vitória | C9: Estadual
A10: 9 | B10: Escola Municipal de Goiânia | C10: Pública
A11: 10 | B11: Colégio Estadual de São Luís | C11: Estadual
A12: 11 | B12: Escola Municipal de Cuiabá | C12: Pública
A13: 12 | B13: Colégio Estadual de Campo Grande | C13: Estadual
... A68: 122 | B68: Escola Estadual de Contagem | C68: Estadual

Sheet professores
A1: Column1.id | B1: Column1.nome | C1: Column1.especialidade | D1: Column1.biografia | E1: Column1.escola
A2: 1 | B2: Coordenação Nacional de Dados | C2: Indicadores Nacionais
A3: 2 | B3: Ricardo Silva Santos | C3: Matemática Aplicada | D3: Mestre em Estatística com 10 anos de experiência no ensino técnico. | E3: [Record]
A4: 3 | B4: Helena Costa Ferreira | C4: Logística | D4: Especialista em Supply Chain com vivência em grandes centros de distribuição. | E4: [Record]
A5: 4 | B5: Juliana Mendes | C5: Língua Portuguesa | D5: Doutora em Linguística e apaixonada por literatura infantojuvenil. | E5: [Record]
A6: 5 | B6: Marcos Oliveira | C6: História | D6: Pesquisador da história regional capixaba com 15 anos de sala de aula. | E6: [Record]
A7: 6 | B7: Felipe Rocha | C7: Física | D7: Engenheiro Mecatrônico com especialização em educação tecnológica. | E7: [Record]
A8: 7 | B8: Camila Souza | C8: Informática | D8: Desenvolvedora de software com foco em metodologias ágeis aplicadas ao ensino. | E8: [Record]
A9: 8 | B9: André Santos Lima | C9: Construção Civil | D9: Mestre em Engenharia Civil com vasta experiência em canteiros de obra. | E9: [Record]
A10: 9 | B10: Patrícia Bezerra | C10: Arquitetura | D10: Arquiteta e urbanista focada em construções sustentáveis no semiárido. | E10: [Record]
A11: 10 | B11: Bruna Guedes | C11: Biologia | D11: Bióloga com especialização em ecologia e educação ambiental. | E11: [Record]
A12: 11 | B12: Thiago Martins | C12: Química | D12: Licenciado em Química com experiência em cursinhos pré-vestibulares. | E12: [Record]
A13: 12 | B13: Ricardo Pereira Silva | C13: Logística | D13: Mestre em Engenharia de Produção com 10 anos de experiência no Porto de Santos. | E13: [Record]
A14: 13 | B14: Ana Paula Costa | C14: Administração | D14: Graduada em Administração com especialização em Comércio Exterior. | E14: [Record]
... A72: 71 | B72: Roberto Santos | C72: Biologia | D72: Especialista em Ecologia com atuação em projetos de preservação na Serra do Curral. | E72: [Record]

Sheet Planilha1
